date,new_case_count,new_death_count,new_test_count,new_case_rate,new_death_rate,new_test_rate,case_count,case_rate,death_count,death_rate,test_count,test_rate,cityname,statename,statefips,city_pop2019
2020-01-22,0,0,0,0.0,0.0,0.0,0,0.0,0,0.0,0,0.0,New York City,New York,36,8336817
2020-01-23,0,0,0,0.0,0.0,0.0,0,0.0,0,0.0,0,0.0,New York City,New York,36,8336817
2020-01-24,0,0,0,0.0,0.0,0.0,0,0.0,0,0.0,0,0.0,New York City,New York,36,8336817
2020-01-25,0,0,0,0.0,0.0,0.0,0,0.0,0,0.0,0,0.0,New York City,New York,36,8336817
2020-01-26,0,0,0,0.0,0.0,0.0,0,0.0,0,0.0,0,0.0,New York City,New York,36,8336817
2020-01-27,0,0,0,0.0,0.0,0.0,0,0.0,0,0.0,0,0.0,New York City,New York,36,8336817
2020-01-28,0,0,0,0.0,0.0,0.0,0,0.0,0,0.0,0,0.0,New York City,New York,36,8336817
2020-01-29,0,0,0,0.0,0.0,0.0,0,0.0,0,0.0,0,0.0,New York City,New York,36,8336817
2020-01-30,0,0,0,0.0,0.0,0.0,0,0.0,0,0.0,0,0.0,New York City,New York,36,8336817
2020-01-31,0,0,0,0.0,0.0,0.0,0,0.0,0,0.0,0,0.0,New York City,New York,36,8336817
2020-02-01,0,0,0,0.0,0.0,0.0,0,0.0,0,0.0,0,0.0,New York City,New York,36,8336817
2020-02-02,0,0,0,0.0,0.0,0.0,0,0.0,0,0.0,0,0.0,New York City,New York,36,8336817
2020-02-03,0,0,0,0.0,0.0,0.0,0,0.0,0,0.0,0,0.0,New York City,New York,36,8336817
2020-02-04,0,0,0,0.0,0.0,0.0,0,0.0,0,0.0,0,0.0,New York City,New York,36,8336817
2020-02-05,0,0,0,0.0,0.0,0.0,0,0.0,0,0.0,0,0.0,New York City,New York,36,8336817
2020-02-06,0,0,0,0.0,0.0,0.0,0,0.0,0,0.0,0,0.0,New York City,New York,36,8336817
2020-02-07,0,0,0,0.0,0.0,0.0,0,0.0,0,0.0,0,0.0,New York City,New York,36,8336817
2020-02-08,0,0,0,0.0,0.0,0.0,0,0.0,0,0.0,0,0.0,New York City,New York,36,8336817
2020-02-09,0,0,0,0.0,0.0,0.0,0,0.0,0,0.0,0,0.0,New York City,New York,36,8336817
2020-02-10,0,0,0,0.0,0.0,0.0,0,0.0,0,0.0,0,0.0,New York City,New York,36,8336817
2020-02-11,0,0,0,0.0,0.0,0.0,0,0.0,0,0.0,0,0.0,New York City,New York,36,8336817
2020-02-12,0,0,0,0.0,0.0,0.0,0,0.0,0,0.0,0,0.0,New York City,New York,36,8336817
2020-02-13,0,0,0,0.0,0.0,0.0,0,0.0,0,0.0,0,0.0,New York City,New York,36,8336817
2020-02-14,0,0,0,0.0,0.0,0.0,0,0.0,0,0.0,0,0.0,New York City,New York,36,8336817
2020-02-15,0,0,0,0.0,0.0,0.0,0,0.0,0,0.0,0,0.0,New York City,New York,36,8336817
2020-02-16,0,0,0,0.0,0.0,0.0,0,0.0,0,0.0,0,0.0,New York City,New York,36,8336817
2020-02-17,0,0,0,0.0,0.0,0.0,0,0.0,0,0.0,0,0.0,New York City,New York,36,8336817
2020-02-18,0,0,0,0.0,0.0,0.0,0,0.0,0,0.0,0,0.0,New York City,New York,36,8336817
2020-02-19,0,0,0,0.0,0.0,0.0,0,0.0,0,0.0,0,0.0,New York City,New York,36,8336817
2020-02-20,0,0,0,0.0,0.0,0.0,0,0.0,0,0.0,0,0.0,New York City,New York,36,8336817
2020-02-21,0,0,0,0.0,0.0,0.0,0,0.0,0,0.0,0,0.0,New York City,New York,36,8336817
2020-02-22,0,0,0,0.0,0.0,0.0,0,0.0,0,0.0,0,0.0,New York City,New York,36,8336817
2020-02-23,0,0,0,0.0,0.0,0.0,0,0.0,0,0.0,0,0.0,New York City,New York,36,8336817
2020-02-24,0,0,0,0.0,0.0,0.0,0,0.0,0,0.0,0,0.0,New York City,New York,36,8336817
2020-02-25,0,0,0,0.0,0.0,0.0,0,0.0,0,0.0,0,0.0,New York City,New York,36,8336817
2020-02-26,0,0,0,0.0,0.0,0.0,0,0.0,0,0.0,0,0.0,New York City,New York,36,8336817
2020-02-27,0,0,0,0.0,0.0,0.0,0,0.0,0,0.0,0,0.0,New York City,New York,36,8336817
2020-02-28,0,0,0,0.0,0.0,0.0,0,0.0,0,0.0,0,0.0,New York City,New York,36,8336817
2020-02-29,0,0,0,0.0,0.0,0.0,0,0.0,0,0.0,0,0.0,New York City,New York,36,8336817
2020-03-01,0,0,3,0.0,0.0,0.036,0,0.0,0,0.0,3,0.036,New York City,New York,36,8336817
2020-03-02,0,0,2,0.00168,0.0,0.018,0,0.00168,0,0.0,5,0.054,New York City,New York,36,8336817
2020-03-03,0,0,12,0.00168,0.0,0.148,0,0.00336,0,0.0,17,0.202,New York City,New York,36,8336817
2020-03-04,0,0,19,0.00168,0.0,0.222,0,0.00504,0,0.0,35,0.424,New York City,New York,36,8336817
2020-03-05,1,0,32,0.00684,0.0,0.389,1,0.0119,0,0.0,68,0.813,New York City,New York,36,8336817
2020-03-06,1,0,60,0.00852,0.0,0.723,2,0.0204,0,0.0,128,1.54,New York City,New York,36,8336817
2020-03-07,2,0,71,0.0205,0.0,0.846,3,0.0409,0,0.0,199,2.38,New York City,New York,36,8336817
2020-03-08,2,0,86,0.0222,0.0,1.04,5,0.0631,0,0.0,285,3.42,New York City,New York,36,8336817
2020-03-09,3,0,114,0.0326,0.0,1.37,8,0.0957,0,0.0,399,4.78,New York City,New York,36,8336817
2020-03-10,5,0,162,0.0601,0.0,1.94,13,0.156,0,0.0,561,6.72,New York City,New York,36,8336817
2020-03-11,6,0,212,0.072,0.0,2.54,19,0.228,0,0.0,772,9.27,New York City,New York,36,8336817
2020-03-12,13,0,274,0.156,0.0,3.29,32,0.384,0,0.0,1047,12.6,New York City,New York,36,8336817
2020-03-13,16,0,392,0.19,0.0,4.7,48,0.574,0,0.0,1439,17.3,New York City,New York,36,8336817
2020-03-14,24,0,507,0.293,0.00168,6.08,72,0.867,0,0.00168,1946,23.3,New York City,New York,36,8336817
2020-03-15,32,0,596,0.389,0.00168,7.15,105,1.26,0,0.00336,2542,30.5,New York City,New York,36,8336817
2020-03-16,46,0,792,0.555,0.00336,9.51,151,1.81,1,0.00672,3334,40.0,New York City,New York,36,8336817
2020-03-17,111,0,1250,1.33,0.00336,15.0,262,3.14,1,0.0101,4584,55.0,New York City,New York,36,8336817
2020-03-18,281,0,1857,3.37,0.00336,22.3,543,6.51,1,0.0134,6441,77.3,New York City,New York,36,8336817
2020-03-19,551,0,2427,6.61,0.00336,29.1,1094,13.1,1,0.0168,8868,106.0,New York City,New York,36,8336817
2020-03-20,719,0,3216,8.62,0.00336,38.6,1812,21.7,2,0.0202,12084,145.0,New York City,New York,36,8336817
2020-03-21,1132,0,4323,13.6,0.00168,51.9,2945,35.3,2,0.0218,16407,197.0,New York City,New York,36,8336817
2020-03-22,1344,9,5335,16.1,0.106,64.0,4289,51.4,11,0.128,21742,261.0,New York City,New York,36,8336817
2020-03-23,1713,17,6026,20.5,0.199,72.3,6001,72.0,27,0.327,27768,333.0,New York City,New York,36,8336817
2020-03-24,1994,27,6717,23.9,0.319,80.6,7995,95.9,54,0.645,34485,414.0,New York City,New York,36,8336817
2020-03-25,2567,40,7255,30.8,0.476,87.0,10562,127.0,94,1.12,41740,501.0,New York City,New York,36,8336817
2020-03-26,2732,52,8023,32.8,0.622,96.2,13294,159.0,145,1.74,49763,597.0,New York City,New York,36,8336817
2020-03-27,2913,64,8391,34.9,0.768,101.0,16207,194.0,209,2.51,58153,698.0,New York City,New York,36,8336817
2020-03-28,3232,96,8336,38.8,1.15,100.0,19438,233.0,305,3.66,66489,798.0,New York City,New York,36,8336817
2020-03-29,3399,102,8231,40.8,1.22,98.7,22837,274.0,407,4.88,74720,896.0,New York City,New York,36,8336817
2020-03-30,3674,113,8355,44.1,1.36,100.0,26511,318.0,520,6.24,83075,996.0,New York City,New York,36,8336817
2020-03-31,3852,130,8386,46.2,1.55,101.0,30364,364.0,650,7.79,91461,1097.0,New York City,New York,36,8336817
2020-04-01,3671,156,8509,44.0,1.87,102.0,34035,408.0,806,9.67,99970,1199.0,New York City,New York,36,8336817
2020-04-02,3799,171,8611,45.6,2.05,103.0,37834,454.0,977,11.7,108581,1302.0,New York City,New York,36,8336817
2020-04-03,4611,202,8878,55.3,2.43,106.0,42445,509.0,1179,14.1,117459,1409.0,New York City,New York,36,8336817
2020-04-04,4654,226,8948,55.8,2.71,107.0,47099,565.0,1405,16.9,126407,1516.0,New York City,New York,36,8336817
2020-04-05,4873,300,9103,58.5,3.6,109.0,51972,623.0,1705,20.5,135510,1625.0,New York City,New York,36,8336817
2020-04-06,4876,339,9359,58.5,4.07,112.0,56848,682.0,2044,24.5,144869,1738.0,New York City,New York,36,8336817
2020-04-07,5020,400,9609,60.2,4.79,115.0,61868,742.0,2444,29.3,154478,1853.0,New York City,New York,36,8336817
2020-04-08,5162,445,9886,61.9,5.34,119.0,67029,804.0,2890,34.7,164364,1972.0,New York City,New York,36,8336817
2020-04-09,5337,468,10071,64.0,5.62,121.0,72366,868.0,3358,40.3,174435,2092.0,New York City,New York,36,8336817
2020-04-10,4938,542,10482,59.2,6.5,126.0,77304,927.0,3900,46.8,184917,2218.0,New York City,New York,36,8336817
2020-04-11,5000,550,11068,60.0,6.6,133.0,82304,987.0,4450,53.4,195985,2351.0,New York City,New York,36,8336817
2020-04-12,5094,550,11213,61.1,6.59,135.0,87398,1048.0,4999,60.0,207198,2485.0,New York City,New York,36,8336817
2020-04-13,4940,512,11068,59.3,6.15,133.0,92339,1108.0,5512,66.1,218266,2618.0,New York City,New York,36,8336817
2020-04-14,4798,753,10975,57.6,9.03,132.0,97137,1165.0,6265,75.1,229241,2750.0,New York City,New York,36,8336817
2020-04-15,5214,743,10766,62.5,8.91,129.0,102351,1228.0,7008,84.1,240007,2879.0,New York City,New York,36,8336817
2020-04-16,5160,771,10959,61.9,9.25,131.0,107511,1290.0,7779,93.3,250966,3010.0,New York City,New York,36,8336817
2020-04-17,4995,716,10790,59.9,8.58,129.0,112506,1350.0,8494,102.0,261757,3140.0,New York City,New York,36,8336817
2020-04-18,4708,707,10612,56.5,8.49,127.0,117214,1406.0,9202,110.0,272369,3267.0,New York City,New York,36,8336817
2020-04-19,4461,752,10495,53.5,9.02,126.0,121675,1459.0,9954,119.0,282863,3393.0,New York City,New York,36,8336817
2020-04-20,4292,795,10781,51.5,9.53,129.0,125967,1511.0,10748,129.0,293645,3522.0,New York City,New York,36,8336817
2020-04-21,4151,552,11108,49.8,6.62,133.0,130118,1561.0,11300,136.0,304752,3656.0,New York City,New York,36,8336817
2020-04-22,3493,555,11905,41.9,6.65,143.0,133611,1603.0,11855,142.0,316658,3798.0,New York City,New York,36,8336817
2020-04-23,3244,546,12389,38.9,6.55,149.0,136856,1642.0,12402,149.0,329046,3947.0,New York City,New York,36,8336817
2020-04-24,3303,550,12971,39.6,6.6,156.0,140159,1681.0,12952,155.0,342017,4102.0,New York City,New York,36,8336817
2020-04-25,3407,571,13207,40.9,6.85,158.0,143566,1722.0,13523,162.0,355225,4261.0,New York City,New York,36,8336817
2020-04-26,3403,490,14500,40.8,5.87,174.0,146969,1763.0,14013,168.0,369725,4435.0,New York City,New York,36,8336817
2020-04-27,3383,466,16604,40.6,5.59,199.0,150352,1803.0,14479,174.0,386329,4634.0,New York City,New York,36,8336817
2020-04-28,3259,424,16928,39.1,5.09,203.0,153611,1843.0,14903,179.0,403257,4837.0,New York City,New York,36,8336817
2020-04-29,3155,391,17108,37.8,4.69,205.0,156767,1880.0,15294,183.0,420364,5042.0,New York City,New York,36,8336817
2020-04-30,3089,359,17569,37.1,4.31,211.0,159856,1917.0,15653,188.0,437934,5253.0,New York City,New York,36,8336817
2020-05-01,2745,335,18478,32.9,4.01,222.0,162601,1950.0,15987,192.0,456412,5475.0,New York City,New York,36,8336817
2020-05-02,2463,307,18379,29.5,3.68,220.0,165064,1980.0,16294,195.0,474791,5695.0,New York City,New York,36,8336817
2020-05-03,2296,300,17358,27.5,3.6,208.0,167360,2007.0,16595,199.0,492149,5903.0,New York City,New York,36,8336817
2020-05-04,2166,288,15171,26.0,3.45,182.0,169526,2033.0,16882,203.0,507320,6085.0,New York City,New York,36,8336817
2020-05-05,2077,277,15333,24.9,3.33,184.0,171603,2058.0,17160,206.0,522652,6269.0,New York City,New York,36,8336817
2020-05-06,1930,275,15500,23.2,3.3,186.0,173533,2082.0,17435,209.0,538152,6455.0,New York City,New York,36,8336817
2020-05-07,1820,278,14806,21.8,3.34,178.0,175353,2103.0,17713,212.0,552958,6633.0,New York City,New York,36,8336817
2020-05-08,1728,266,13940,20.7,3.2,167.0,177080,2124.0,17979,216.0,566898,6800.0,New York City,New York,36,8336817
2020-05-09,1562,254,14266,18.7,3.05,171.0,178642,2143.0,18233,219.0,581164,6971.0,New York City,New York,36,8336817
2020-05-10,1441,233,14334,17.3,2.79,172.0,180083,2160.0,18466,222.0,595498,7143.0,New York City,New York,36,8336817
2020-05-11,1387,228,14441,16.6,2.74,173.0,181470,2177.0,18694,224.0,609939,7316.0,New York City,New York,36,8336817
2020-05-12,1321,218,14766,15.8,2.62,177.0,182791,2193.0,18913,227.0,624705,7493.0,New York City,New York,36,8336817
2020-05-13,1271,200,14995,15.2,2.4,180.0,184062,2208.0,19113,229.0,639700,7673.0,New York City,New York,36,8336817
2020-05-14,1190,183,15760,14.3,2.19,189.0,185252,2222.0,19296,231.0,655461,7862.0,New York City,New York,36,8336817
2020-05-15,1225,173,16022,14.7,2.08,192.0,186477,2237.0,19469,234.0,671482,8054.0,New York City,New York,36,8336817
2020-05-16,1187,160,15963,14.2,1.92,191.0,187664,2251.0,19629,235.0,687446,8246.0,New York City,New York,36,8336817
2020-05-17,1168,156,16123,14.0,1.88,193.0,188832,2265.0,19785,237.0,703569,8439.0,New York City,New York,36,8336817
2020-05-18,1125,147,16600,13.5,1.77,199.0,189957,2279.0,19933,239.0,720168,8638.0,New York City,New York,36,8336817
2020-05-19,1100,136,16616,13.2,1.64,199.0,191057,2292.0,20069,241.0,736784,8838.0,New York City,New York,36,8336817
2020-05-20,1043,130,16979,12.5,1.56,204.0,192100,2304.0,20199,242.0,753764,9041.0,New York City,New York,36,8336817
2020-05-21,1019,122,17060,12.2,1.46,205.0,193118,2316.0,20321,244.0,770823,9246.0,New York City,New York,36,8336817
2020-05-22,875,117,17651,10.5,1.41,212.0,193993,2327.0,20439,245.0,788474,9458.0,New York City,New York,36,8336817
2020-05-23,809,107,18633,9.71,1.28,224.0,194803,2337.0,20546,246.0,807107,9681.0,New York City,New York,36,8336817
2020-05-24,790,97,19521,9.48,1.17,234.0,195593,2346.0,20643,248.0,826627,9915.0,New York City,New York,36,8336817
2020-05-25,786,89,19913,9.43,1.06,239.0,196379,2356.0,20731,249.0,846540,10154.0,New York City,New York,36,8336817
2020-05-26,783,86,21340,9.39,1.03,256.0,197162,2365.0,20817,250.0,867881,10410.0,New York City,New York,36,8336817
2020-05-27,774,74,24221,9.28,0.888,291.0,197936,2374.0,20891,251.0,892102,10701.0,New York City,New York,36,8336817
2020-05-28,768,71,25659,9.21,0.846,308.0,198704,2383.0,20962,251.0,917761,11009.0,New York City,New York,36,8336817
2020-05-29,788,67,26884,9.45,0.799,322.0,199491,2393.0,21028,252.0,944645,11331.0,New York City,New York,36,8336817
2020-05-30,784,60,27355,9.4,0.72,328.0,200275,2402.0,21088,253.0,972000,11659.0,New York City,New York,36,8336817
2020-05-31,740,60,28092,8.88,0.723,337.0,201015,2411.0,21149,254.0,1000092,11996.0,New York City,New York,36,8336817
2020-06-01,719,65,29144,8.62,0.775,350.0,201734,2420.0,21213,254.0,1029236,12346.0,New York City,New York,36,8336817
2020-06-02,630,54,28915,7.56,0.651,347.0,202364,2427.0,21268,255.0,1058151,12693.0,New York City,New York,36,8336817
2020-06-03,597,55,26435,7.16,0.66,317.0,202961,2435.0,21323,256.0,1084586,13010.0,New York City,New York,36,8336817
2020-06-04,629,55,26285,7.55,0.655,315.0,203590,2442.0,21377,256.0,1110872,13325.0,New York City,New York,36,8336817
2020-06-05,561,49,25786,6.73,0.586,309.0,204151,2449.0,21426,257.0,1136658,13634.0,New York City,New York,36,8336817
2020-06-06,528,45,25836,6.34,0.543,310.0,204679,2455.0,21471,258.0,1162494,13944.0,New York City,New York,36,8336817
2020-06-07,511,42,25551,6.13,0.502,306.0,205191,2461.0,21513,258.0,1188045,14251.0,New York City,New York,36,8336817
2020-06-08,477,42,25259,5.73,0.499,303.0,205668,2467.0,21555,259.0,1213304,14554.0,New York City,New York,36,8336817
2020-06-09,463,39,25134,5.56,0.473,301.0,206132,2473.0,21594,259.0,1238438,14855.0,New York City,New York,36,8336817
2020-06-10,460,37,25566,5.51,0.442,307.0,206591,2478.0,21631,259.0,1264004,15162.0,New York City,New York,36,8336817
2020-06-11,427,32,25884,5.13,0.387,310.0,207019,2483.0,21663,260.0,1289887,15472.0,New York City,New York,36,8336817
2020-06-12,406,33,25850,4.87,0.397,310.0,207424,2488.0,21696,260.0,1315737,15782.0,New York City,New York,36,8336817
2020-06-13,387,30,27001,4.64,0.362,324.0,207811,2493.0,21727,261.0,1342738,16106.0,New York City,New York,36,8336817
2020-06-14,365,31,27654,4.38,0.374,332.0,208176,2497.0,21758,261.0,1370392,16438.0,New York City,New York,36,8336817
2020-06-15,367,28,28246,4.4,0.333,339.0,208543,2501.0,21785,261.0,1398638,16777.0,New York City,New York,36,8336817
2020-06-16,360,26,29633,4.32,0.307,355.0,208903,2506.0,21811,262.0,1428271,17132.0,New York City,New York,36,8336817
2020-06-17,358,24,30691,4.29,0.286,368.0,209260,2510.0,21835,262.0,1458963,17500.0,New York City,New York,36,8336817
2020-06-18,347,24,31486,4.16,0.289,378.0,209608,2514.0,21859,262.0,1490449,17878.0,New York City,New York,36,8336817
2020-06-19,348,23,32960,4.18,0.281,395.0,209956,2518.0,21882,262.0,1523409,18273.0,New York City,New York,36,8336817
2020-06-20,346,24,32873,4.15,0.283,394.0,210302,2523.0,21906,263.0,1556282,18668.0,New York City,New York,36,8336817
2020-06-21,347,23,32173,4.16,0.281,386.0,210649,2527.0,21929,263.0,1588455,19053.0,New York City,New York,36,8336817
2020-06-22,341,23,31776,4.09,0.271,381.0,210989,2531.0,21952,263.0,1620231,19435.0,New York City,New York,36,8336817
2020-06-23,342,22,30748,4.1,0.269,369.0,211331,2535.0,21974,264.0,1650979,19803.0,New York City,New York,36,8336817
2020-06-24,340,21,30217,4.08,0.257,362.0,211672,2539.0,21996,264.0,1681196,20166.0,New York City,New York,36,8336817
2020-06-25,343,19,29893,4.11,0.233,359.0,212014,2543.0,22015,264.0,1711088,20524.0,New York City,New York,36,8336817
2020-06-26,337,19,28924,4.04,0.226,347.0,212351,2547.0,22034,264.0,1740012,20871.0,New York City,New York,36,8336817
2020-06-27,340,18,27756,4.08,0.211,333.0,212691,2551.0,22052,265.0,1767769,21204.0,New York City,New York,36,8336817
2020-06-28,329,16,27383,3.95,0.195,328.0,213020,2555.0,22068,265.0,1795152,21533.0,New York City,New York,36,8336817
2020-06-29,322,17,27849,3.86,0.202,334.0,213342,2559.0,22085,265.0,1823000,21867.0,New York City,New York,36,8336817
2020-06-30,322,15,29076,3.86,0.183,349.0,213664,2563.0,22100,265.0,1852076,22216.0,New York City,New York,36,8336817
2020-07-01,327,15,29217,3.92,0.175,350.0,213990,2567.0,22115,265.0,1881293,22566.0,New York City,New York,36,8336817
2020-07-02,333,17,26428,3.99,0.206,317.0,214323,2571.0,22132,265.0,1907721,22883.0,New York City,New York,36,8336817
2020-07-03,341,18,24493,4.1,0.216,294.0,214664,2575.0,22150,266.0,1932214,23177.0,New York City,New York,36,8336817
2020-07-04,345,19,24871,4.14,0.223,298.0,215009,2579.0,22168,266.0,1957084,23475.0,New York City,New York,36,8336817
2020-07-05,362,18,25539,4.34,0.212,306.0,215371,2583.0,22186,266.0,1982623,23782.0,New York City,New York,36,8336817
2020-07-06,350,17,25405,4.2,0.206,305.0,215721,2588.0,22203,266.0,2008028,24086.0,New York City,New York,36,8336817
2020-07-07,338,18,24434,4.05,0.218,293.0,216058,2592.0,22221,267.0,2032463,24379.0,New York City,New York,36,8336817
2020-07-08,330,20,24236,3.96,0.235,291.0,216388,2596.0,22241,267.0,2056699,24670.0,New York City,New York,36,8336817
2020-07-09,330,17,26513,3.95,0.209,318.0,216718,2600.0,22258,267.0,2083212,24988.0,New York City,New York,36,8336817
2020-07-10,334,16,28305,4.0,0.19,340.0,217052,2604.0,22274,267.0,2111517,25328.0,New York City,New York,36,8336817
2020-07-11,339,16,28530,4.06,0.19,342.0,217391,2608.0,22290,267.0,2140046,25670.0,New York City,New York,36,8336817
2020-07-12,336,15,28300,4.04,0.176,339.0,217727,2612.0,22305,268.0,2168346,26009.0,New York City,New York,36,8336817
2020-07-13,347,15,27990,4.17,0.175,336.0,218074,2616.0,22319,268.0,2196336,26345.0,New York City,New York,36,8336817
2020-07-14,368,14,28659,4.41,0.168,344.0,218442,2620.0,22333,268.0,2224995,26689.0,New York City,New York,36,8336817
2020-07-15,378,13,28934,4.54,0.159,347.0,218821,2625.0,22347,268.0,2253929,27036.0,New York City,New York,36,8336817
2020-07-16,385,13,28943,4.62,0.154,347.0,219206,2629.0,22359,268.0,2282872,27383.0,New York City,New York,36,8336817
2020-07-17,376,13,28674,4.51,0.158,344.0,219582,2634.0,22373,268.0,2311546,27727.0,New York City,New York,36,8336817
2020-07-18,377,13,28352,4.52,0.154,340.0,219959,2638.0,22385,269.0,2339898,28067.0,New York City,New York,36,8336817
2020-07-19,381,13,28890,4.57,0.154,347.0,220340,2643.0,22398,269.0,2368788,28414.0,New York City,New York,36,8336817
2020-07-20,397,12,29443,4.76,0.144,353.0,220737,2648.0,22410,269.0,2398231,28767.0,New York City,New York,36,8336817
2020-07-21,391,12,28262,4.69,0.149,339.0,221128,2652.0,22423,269.0,2426493,29106.0,New York City,New York,36,8336817
2020-07-22,386,11,28106,4.63,0.132,337.0,221514,2657.0,22434,269.0,2454600,29443.0,New York City,New York,36,8336817
2020-07-23,375,11,27791,4.5,0.134,333.0,221889,2662.0,22445,269.0,2482390,29776.0,New York City,New York,36,8336817
2020-07-24,366,10,27989,4.4,0.117,336.0,222255,2666.0,22455,269.0,2510380,30112.0,New York City,New York,36,8336817
2020-07-25,350,10,28015,4.2,0.115,336.0,222606,2670.0,22464,269.0,2538395,30448.0,New York City,New York,36,8336817
2020-07-26,333,9,27255,4.0,0.113,327.0,222939,2674.0,22474,270.0,2565650,30775.0,New York City,New York,36,8336817
2020-07-27,316,9,26565,3.79,0.108,319.0,223255,2678.0,22483,270.0,2592216,31094.0,New York City,New York,36,8336817
2020-07-28,306,9,27315,3.68,0.104,328.0,223562,2682.0,22491,270.0,2619530,31421.0,New York City,New York,36,8336817
2020-07-29,300,8,27283,3.6,0.101,327.0,223862,2685.0,22500,270.0,2646813,31748.0,New York City,New York,36,8336817
2020-07-30,286,8,27918,3.44,0.0909,335.0,224149,2689.0,22507,270.0,2674731,32083.0,New York City,New York,36,8336817
2020-07-31,283,8,28565,3.39,0.0925,343.0,224431,2692.0,22515,270.0,2703297,32426.0,New York City,New York,36,8336817
2020-08-01,278,7,29230,3.33,0.0858,351.0,224709,2695.0,22522,270.0,2732526,32777.0,New York City,New York,36,8336817
2020-08-02,272,7,29666,3.27,0.0789,356.0,224981,2699.0,22529,270.0,2762193,33132.0,New York City,New York,36,8336817
2020-08-03,268,6,30217,3.21,0.072,362.0,225249,2702.0,22535,270.0,2792410,33495.0,New York City,New York,36,8336817
2020-08-04,273,5,30544,3.27,0.0617,366.0,225522,2705.0,22540,270.0,2822954,33861.0,New York City,New York,36,8336817
2020-08-05,271,5,30743,3.26,0.0633,369.0,225794,2708.0,22545,270.0,2853698,34230.0,New York City,New York,36,8336817
2020-08-06,277,5,30780,3.32,0.0615,369.0,226071,2712.0,22550,270.0,2884478,34599.0,New York City,New York,36,8336817
2020-08-07,260,5,30879,3.11,0.0618,370.0,226330,2715.0,22555,271.0,2915357,34970.0,New York City,New York,36,8336817
2020-08-08,261,5,30871,3.13,0.0635,370.0,226591,2718.0,22561,271.0,2946228,35340.0,New York City,New York,36,8336817
2020-08-09,264,5,31229,3.16,0.06,375.0,226855,2721.0,22566,271.0,2977457,35715.0,New York City,New York,36,8336817
2020-08-10,263,6,32743,3.16,0.0685,393.0,227118,2724.0,22571,271.0,3010200,36107.0,New York City,New York,36,8336817
2020-08-11,261,6,34890,3.13,0.0704,419.0,227379,2727.0,22577,271.0,3045090,36526.0,New York City,New York,36,8336817
2020-08-12,261,5,35521,3.13,0.0635,426.0,227640,2731.0,22583,271.0,3080610,36952.0,New York City,New York,36,8336817
2020-08-13,257,6,36490,3.08,0.0668,438.0,227897,2734.0,22588,271.0,3117100,37390.0,New York City,New York,36,8336817
2020-08-14,269,5,37468,3.22,0.0635,449.0,228166,2737.0,22593,271.0,3154568,37839.0,New York City,New York,36,8336817
2020-08-15,272,5,37584,3.26,0.065,451.0,228438,2740.0,22599,271.0,3192153,38290.0,New York City,New York,36,8336817
2020-08-16,272,6,37607,3.26,0.0704,451.0,228710,2743.0,22605,271.0,3229760,38741.0,New York City,New York,36,8336817
2020-08-17,275,6,36020,3.29,0.0669,432.0,228984,2747.0,22610,271.0,3265780,39173.0,New York City,New York,36,8336817
2020-08-18,271,5,33990,3.26,0.0635,408.0,229256,2750.0,22616,271.0,3299770,39581.0,New York City,New York,36,8336817
2020-08-19,273,5,34883,3.27,0.0633,418.0,229528,2753.0,22621,271.0,3334652,39999.0,New York City,New York,36,8336817
2020-08-20,274,5,34784,3.29,0.0615,417.0,229803,2756.0,22626,271.0,3369437,40416.0,New York City,New York,36,8336817
2020-08-21,278,5,35059,3.33,0.0583,421.0,230081,2760.0,22631,271.0,3404496,40837.0,New York City,New York,36,8336817
2020-08-22,272,4,35041,3.26,0.0498,420.0,230352,2763.0,22635,272.0,3439537,41257.0,New York City,New York,36,8336817
2020-08-23,263,4,35096,3.15,0.0498,421.0,230615,2766.0,22639,272.0,3474632,41678.0,New York City,New York,36,8336817
2020-08-24,260,4,35365,3.12,0.0497,424.0,230875,2769.0,22643,272.0,3509997,42102.0,New York City,New York,36,8336817
2020-08-25,259,4,35505,3.1,0.0462,426.0,231134,2772.0,22647,272.0,3545502,42528.0,New York City,New York,36,8336817
2020-08-26,261,4,34949,3.13,0.048,419.0,231395,2776.0,22651,272.0,3580451,42947.0,New York City,New York,36,8336817
2020-08-27,256,4,34868,3.07,0.0429,418.0,231651,2779.0,22655,272.0,3615318,43366.0,New York City,New York,36,8336817
2020-08-28,255,4,35040,3.06,0.0429,420.0,231906,2782.0,22658,272.0,3650358,43786.0,New York City,New York,36,8336817
2020-08-29,260,3,36107,3.12,0.036,433.0,232166,2785.0,22661,272.0,3686465,44219.0,New York City,New York,36,8336817
2020-08-30,267,4,36623,3.2,0.0428,439.0,232434,2788.0,22665,272.0,3723087,44658.0,New York City,New York,36,8336817
2020-08-31,270,10,36257,3.24,0.115,435.0,232703,2791.0,22674,272.0,3759345,45093.0,New York City,New York,36,8336817
2020-09-01,269,10,36684,3.23,0.12,440.0,232973,2795.0,22684,272.0,3796029,45533.0,New York City,New York,36,8336817
2020-09-02,273,10,37047,3.28,0.123,444.0,233246,2798.0,22695,272.0,3833076,45978.0,New York City,New York,36,8336817
2020-09-03,275,11,37815,3.3,0.13,454.0,233521,2801.0,22706,272.0,3870891,46431.0,New York City,New York,36,8336817
2020-09-04,279,11,37689,3.34,0.135,452.0,233799,2804.0,22717,272.0,3908580,46883.0,New York City,New York,36,8336817
2020-09-05,273,12,37087,3.28,0.141,445.0,234072,2808.0,22729,273.0,3945668,47328.0,New York City,New York,36,8336817
2020-09-06,274,10,36596,3.29,0.123,439.0,234346,2811.0,22739,273.0,3982264,47767.0,New York City,New York,36,8336817
2020-09-07,267,5,35800,3.21,0.0617,429.0,234614,2814.0,22744,273.0,4018064,48197.0,New York City,New York,36,8336817
2020-09-08,269,5,34658,3.23,0.06,416.0,234883,2817.0,22749,273.0,4052722,48612.0,New York City,New York,36,8336817
2020-09-09,273,4,33962,3.27,0.0531,407.0,235156,2821.0,22753,273.0,4086684,49020.0,New York City,New York,36,8336817
2020-09-10,260,4,33424,3.12,0.0463,401.0,235415,2824.0,22757,273.0,4120108,49421.0,New York City,New York,36,8336817
2020-09-11,272,3,32723,3.27,0.0411,393.0,235688,2827.0,22761,273.0,4152831,49813.0,New York City,New York,36,8336817
2020-09-12,285,4,32615,3.41,0.0463,391.0,235972,2830.0,22765,273.0,4185446,50204.0,New York City,New York,36,8336817
2020-09-13,292,4,32678,3.5,0.0463,392.0,236264,2834.0,22768,273.0,4218125,50596.0,New York City,New York,36,8336817
2020-09-14,305,3,33957,3.66,0.036,407.0,236569,2838.0,22771,273.0,4252081,51004.0,New York City,New York,36,8336817
2020-09-15,314,3,34683,3.77,0.0411,416.0,236884,2841.0,22775,273.0,4286764,51420.0,New York City,New York,36,8336817
2020-09-16,322,4,35267,3.86,0.0463,423.0,237206,2845.0,22779,273.0,4322031,51843.0,New York City,New York,36,8336817
2020-09-17,354,4,35553,4.24,0.0515,426.0,237559,2850.0,22783,273.0,4357584,52269.0,New York City,New York,36,8336817
2020-09-18,349,5,35649,4.19,0.0547,428.0,237908,2854.0,22788,273.0,4393233,52697.0,New York City,New York,36,8336817
2020-09-19,353,4,35973,4.23,0.0513,431.0,238261,2858.0,22792,273.0,4429206,53128.0,New York City,New York,36,8336817
2020-09-20,358,5,35962,4.29,0.0599,431.0,238619,2862.0,22797,273.0,4465168,53560.0,New York City,New York,36,8336817
2020-09-21,355,5,35467,4.25,0.0548,425.0,238973,2866.0,22801,274.0,4500635,53985.0,New York City,New York,36,8336817
2020-09-22,348,4,35483,4.18,0.0446,426.0,239322,2871.0,22805,274.0,4536118,54411.0,New York City,New York,36,8336817
2020-09-23,334,3,35573,4.01,0.0393,427.0,239656,2875.0,22808,274.0,4571690,54837.0,New York City,New York,36,8336817
2020-09-24,349,3,35662,4.19,0.041,428.0,240005,2879.0,22812,274.0,4607352,55265.0,New York City,New York,36,8336817
2020-09-25,360,4,36924,4.32,0.0446,443.0,240365,2883.0,22816,274.0,4644276,55708.0,New York City,New York,36,8336817
2020-09-26,387,3,36728,4.64,0.0393,441.0,240752,2888.0,22819,274.0,4681004,56149.0,New York City,New York,36,8336817
2020-09-27,410,3,36518,4.92,0.0393,438.0,241162,2893.0,22822,274.0,4717522,56587.0,New York City,New York,36,8336817
2020-09-28,437,4,36819,5.25,0.0497,442.0,241599,2898.0,22826,274.0,4754340,57028.0,New York City,New York,36,8336817
2020-09-29,456,5,37554,5.46,0.0547,450.0,242055,2903.0,22831,274.0,4791894,57479.0,New York City,New York,36,8336817
2020-09-30,491,5,38099,5.89,0.0583,457.0,242545,2909.0,22836,274.0,4829994,57936.0,New York City,New York,36,8336817
2020-10-01,477,5,38808,5.72,0.0633,466.0,243023,2915.0,22841,274.0,4868802,58401.0,New York City,New York,36,8336817
2020-10-02,520,6,39081,6.23,0.0772,469.0,243542,2921.0,22847,274.0,4907883,58870.0,New York City,New York,36,8336817
2020-10-03,530,6,39885,6.35,0.0771,478.0,244072,2928.0,22854,274.0,4947768,59348.0,New York City,New York,36,8336817
2020-10-04,551,6,40753,6.61,0.0771,489.0,244623,2934.0,22860,274.0,4988520,59837.0,New York City,New York,36,8336817
2020-10-05,575,6,42459,6.9,0.0721,509.0,245198,2941.0,22866,274.0,5030979,60347.0,New York City,New York,36,8336817
2020-10-06,576,6,43384,6.91,0.0738,520.0,245774,2948.0,22872,274.0,5074363,60867.0,New York City,New York,36,8336817
2020-10-07,573,8,44292,6.87,0.0909,531.0,246347,2955.0,22880,274.0,5118655,61398.0,New York City,New York,36,8336817
2020-10-08,639,7,45464,7.66,0.0823,545.0,246986,2963.0,22887,275.0,5164119,61944.0,New York City,New York,36,8336817
2020-10-09,622,5,46498,7.46,0.0635,558.0,247608,2970.0,22892,275.0,5210617,62501.0,New York City,New York,36,8336817
2020-10-10,617,5,47781,7.4,0.0651,573.0,248224,2977.0,22898,275.0,5258398,63074.0,New York City,New York,36,8336817
2020-10-11,603,5,48450,7.23,0.0635,581.0,248827,2985.0,22903,275.0,5306848,63656.0,New York City,New York,36,8336817
2020-10-12,594,5,47743,7.12,0.0617,573.0,249421,2992.0,22908,275.0,5354590,64228.0,New York City,New York,36,8336817
2020-10-13,599,5,47809,7.18,0.0651,573.0,250020,2999.0,22913,275.0,5402400,64802.0,New York City,New York,36,8336817
2020-10-14,588,5,48185,7.05,0.0548,578.0,250608,3006.0,22918,275.0,5450585,65380.0,New York City,New York,36,8336817
2020-10-15,537,5,48089,6.45,0.065,577.0,251145,3012.0,22923,275.0,5498674,65957.0,New York City,New York,36,8336817
2020-10-16,546,6,47501,6.55,0.0668,570.0,251691,3019.0,22929,275.0,5546175,66526.0,New York City,New York,36,8336817
2020-10-17,558,6,46989,6.7,0.0721,564.0,252249,3026.0,22935,275.0,5593164,67090.0,New York City,New York,36,8336817
2020-10-18,577,7,46450,6.92,0.0856,557.0,252826,3033.0,22942,275.0,5639615,67647.0,New York City,New York,36,8336817
2020-10-19,579,7,47024,6.95,0.089,564.0,253405,3040.0,22950,275.0,5686638,68211.0,New York City,New York,36,8336817
2020-10-20,596,7,46874,7.15,0.0806,562.0,254001,3047.0,22956,275.0,5733512,68773.0,New York City,New York,36,8336817
2020-10-21,624,6,47467,7.49,0.072,569.0,254625,3054.0,22962,275.0,5780979,69343.0,New York City,New York,36,8336817
2020-10-22,654,6,47812,7.84,0.0668,574.0,255279,3062.0,22968,275.0,5828791,69916.0,New York City,New York,36,8336817
2020-10-23,664,6,48803,7.96,0.077,585.0,255943,3070.0,22974,276.0,5877594,70502.0,New York City,New York,36,8336817
2020-10-24,678,6,49318,8.13,0.0685,592.0,256621,3078.0,22980,276.0,5926912,71093.0,New York City,New York,36,8336817
2020-10-25,708,4,49371,8.49,0.0531,592.0,257328,3087.0,22984,276.0,5976283,71685.0,New York City,New York,36,8336817
2020-10-26,729,4,49383,8.74,0.0498,592.0,258057,3095.0,22989,276.0,6025666,72278.0,New York City,New York,36,8336817
2020-10-27,736,5,50259,8.82,0.0582,603.0,258792,3104.0,22993,276.0,6075925,72881.0,New York City,New York,36,8336817
2020-10-28,734,5,49981,8.8,0.0617,600.0,259526,3113.0,22999,276.0,6125906,73480.0,New York City,New York,36,8336817
2020-10-29,751,6,48558,9.0,0.0668,582.0,260277,3122.0,23004,276.0,6174464,74063.0,New York City,New York,36,8336817
2020-10-30,780,5,48250,9.36,0.0633,579.0,261057,3131.0,23009,276.0,6222714,74641.0,New York City,New York,36,8336817
2020-10-31,808,6,47867,9.69,0.0685,574.0,261865,3141.0,23015,276.0,6270581,75216.0,New York City,New York,36,8336817
2020-11-01,794,6,49211,9.53,0.0754,590.0,262659,3151.0,23021,276.0,6319792,75806.0,New York City,New York,36,8336817
2020-11-02,809,6,48518,9.7,0.077,582.0,263468,3160.0,23028,276.0,6368310,76388.0,New York City,New York,36,8336817
2020-11-03,813,6,46464,9.75,0.072,557.0,264281,3170.0,23034,276.0,6414774,76945.0,New York City,New York,36,8336817
2020-11-04,844,7,46444,10.1,0.0841,557.0,265125,3180.0,23041,276.0,6461218,77502.0,New York City,New York,36,8336817
2020-11-05,898,7,48302,10.8,0.0788,579.0,266022,3191.0,23047,276.0,6509520,78082.0,New York City,New York,36,8336817
2020-11-06,930,7,49197,11.2,0.0822,590.0,266953,3202.0,23054,277.0,6558717,78672.0,New York City,New York,36,8336817
2020-11-07,998,7,50862,12.0,0.0856,610.0,267950,3214.0,23061,277.0,6609580,79282.0,New York City,New York,36,8336817
2020-11-08,1097,8,50594,13.2,0.0961,607.0,269047,3227.0,23069,277.0,6660174,79889.0,New York City,New York,36,8336817
2020-11-09,1180,8,51307,14.1,0.0978,615.0,270227,3241.0,23078,277.0,6711480,80504.0,New York City,New York,36,8336817
2020-11-10,1272,9,54609,15.3,0.104,655.0,271499,3257.0,23086,277.0,6766089,81159.0,New York City,New York,36,8336817
2020-11-11,1333,9,56028,16.0,0.113,672.0,272833,3273.0,23096,277.0,6822118,81831.0,New York City,New York,36,8336817
2020-11-12,1448,9,56614,17.4,0.108,679.0,274281,3290.0,23105,277.0,6878732,82510.0,New York City,New York,36,8336817
2020-11-13,1575,8,57364,18.9,0.101,688.0,275855,3309.0,23113,277.0,6936095,83198.0,New York City,New York,36,8336817
2020-11-14,1647,9,58056,19.8,0.113,696.0,277503,3329.0,23123,277.0,6994152,83895.0,New York City,New York,36,8336817
2020-11-15,1713,9,58806,20.5,0.108,705.0,279215,3349.0,23132,277.0,7052958,84600.0,New York City,New York,36,8336817
2020-11-16,1791,9,60770,21.5,0.106,729.0,281006,3371.0,23140,278.0,7113727,85329.0,New York City,New York,36,8336817
2020-11-17,1828,8,61844,21.9,0.101,742.0,282834,3393.0,23149,278.0,7175572,86071.0,New York City,New York,36,8336817
2020-11-18,1851,8,62887,22.2,0.0908,754.0,284685,3415.0,23156,278.0,7238459,86825.0,New York City,New York,36,8336817
2020-11-19,1890,10,63517,22.7,0.115,762.0,286575,3437.0,23166,278.0,7301976,87587.0,New York City,New York,36,8336817
2020-11-20,1918,11,64448,23.0,0.135,773.0,288493,3460.0,23177,278.0,7366424,88360.0,New York City,New York,36,8336817
2020-11-21,1960,11,65162,23.5,0.13,782.0,290454,3484.0,23188,278.0,7431586,89142.0,New York City,New York,36,8336817
2020-11-22,2016,10,66787,24.2,0.122,801.0,292469,3508.0,23198,278.0,7498373,89943.0,New York City,New York,36,8336817
2020-11-23,2054,11,68888,24.6,0.128,826.0,294524,3533.0,23209,278.0,7567261,90769.0,New York City,New York,36,8336817
2020-11-24,2081,11,70824,25.0,0.134,850.0,296605,3558.0,23220,279.0,7638085,91619.0,New York City,New York,36,8336817
2020-11-25,2114,11,71664,25.4,0.134,860.0,298719,3583.0,23231,279.0,7709748,92478.0,New York City,New York,36,8336817
2020-11-26,2189,9,70502,26.3,0.113,846.0,300908,3609.0,23241,279.0,7780251,93324.0,New York City,New York,36,8336817
2020-11-27,2242,8,67608,26.9,0.101,811.0,303150,3636.0,23249,279.0,7847858,94135.0,New York City,New York,36,8336817
2020-11-28,2343,8,67073,28.1,0.0994,805.0,305494,3664.0,23257,279.0,7914932,94939.0,New York City,New York,36,8336817
2020-11-29,2174,9,66700,26.1,0.103,800.0,307668,3690.0,23266,279.0,7981632,95740.0,New York City,New York,36,8336817
2020-11-30,2285,8,65471,27.4,0.096,785.0,309953,3718.0,23274,279.0,8047102,96525.0,New York City,New York,36,8336817
2020-12-01,2389,8,64513,28.7,0.0926,774.0,312341,3747.0,23282,279.0,8111615,97299.0,New York City,New York,36,8336817
2020-12-02,2502,8,65007,30.0,0.0944,780.0,314844,3777.0,23290,279.0,8176622,98078.0,New York City,New York,36,8336817
2020-12-03,2602,9,67866,31.2,0.105,814.0,317445,3808.0,23298,279.0,8244488,98893.0,New York City,New York,36,8336817
2020-12-04,2813,9,70944,33.7,0.113,851.0,320258,3841.0,23308,280.0,8315432,99743.0,New York City,New York,36,8336817
2020-12-05,2931,12,71738,35.2,0.142,860.0,323189,3877.0,23320,280.0,8387170,100604.0,New York City,New York,36,8336817
2020-12-06,3299,13,71648,39.6,0.151,859.0,326489,3916.0,23332,280.0,8458818,101463.0,New York City,New York,36,8336817
2020-12-07,3368,13,72223,40.4,0.154,866.0,329857,3957.0,23345,280.0,8531041,102330.0,New York City,New York,36,8336817
2020-12-08,3391,14,72776,40.7,0.173,873.0,333248,3997.0,23360,280.0,8603817,103203.0,New York City,New York,36,8336817
2020-12-09,3399,15,72942,40.8,0.182,875.0,336647,4038.0,23375,280.0,8676758,104078.0,New York City,New York,36,8336817
2020-12-10,3500,15,74099,42.0,0.18,889.0,340146,4080.0,23390,281.0,8750858,104966.0,New York City,New York,36,8336817
2020-12-11,3471,16,75243,41.6,0.197,903.0,343617,4122.0,23406,281.0,8826101,105869.0,New York City,New York,36,8336817
2020-12-12,3501,16,75853,42.0,0.192,910.0,347118,4164.0,23422,281.0,8901954,106779.0,New York City,New York,36,8336817
2020-12-13,3530,18,76765,42.3,0.219,921.0,350648,4206.0,23440,281.0,8978719,107700.0,New York City,New York,36,8336817
2020-12-14,3568,20,77039,42.8,0.238,924.0,354215,4249.0,23460,281.0,9055758,108624.0,New York City,New York,36,8336817
2020-12-15,3590,21,78043,43.1,0.247,936.0,357805,4292.0,23481,282.0,9133801,109560.0,New York City,New York,36,8336817
2020-12-16,3667,22,78406,44.0,0.265,940.0,361472,4336.0,23503,282.0,9212207,110500.0,New York City,New York,36,8336817
2020-12-17,3688,24,76292,44.2,0.293,915.0,365160,4380.0,23527,282.0,9288499,111415.0,New York City,New York,36,8336817
2020-12-18,3763,28,74530,45.1,0.332,894.0,368924,4425.0,23555,283.0,9363029,112309.0,New York City,New York,36,8336817
2020-12-19,3686,28,74741,44.2,0.336,897.0,372609,4469.0,23583,283.0,9437770,113206.0,New York City,New York,36,8336817
2020-12-20,3488,27,74131,41.8,0.321,889.0,376097,4511.0,23610,283.0,9511901,114095.0,New York City,New York,36,8336817
2020-12-21,3536,28,75012,42.4,0.341,900.0,379633,4554.0,23638,284.0,9586914,114995.0,New York City,New York,36,8336817
2020-12-22,3599,29,75682,43.2,0.348,908.0,383233,4597.0,23667,284.0,9662596,115903.0,New York City,New York,36,8336817
2020-12-23,3602,30,76591,43.2,0.356,919.0,386834,4640.0,23697,284.0,9739187,116821.0,New York City,New York,36,8336817
2020-12-24,3699,32,77754,44.4,0.387,933.0,390534,4684.0,23729,285.0,9816942,117754.0,New York City,New York,36,8336817
2020-12-25,3745,31,72854,44.9,0.377,874.0,394278,4729.0,23761,285.0,9889795,118628.0,New York City,New York,36,8336817
2020-12-26,3856,32,69894,46.3,0.386,838.0,398134,4776.0,23793,285.0,9959689,119466.0,New York City,New York,36,8336817
2020-12-27,3947,34,68962,47.3,0.406,827.0,402081,4823.0,23827,286.0,10028651,120294.0,New York City,New York,36,8336817
2020-12-28,3554,34,67609,42.6,0.413,811.0,405635,4866.0,23861,286.0,10096260,121105.0,New York City,New York,36,8336817
2020-12-29,3575,37,66014,42.9,0.439,792.0,409210,4908.0,23898,287.0,10162274,121896.0,New York City,New York,36,8336817
2020-12-30,3752,39,64875,45.0,0.471,778.0,412962,4953.0,23937,287.0,10227149,122675.0,New York City,New York,36,8336817
2020-12-31,3675,38,63796,44.1,0.456,765.0,416638,4998.0,23975,288.0,10290945,123440.0,New York City,New York,36,8336817
2021-01-01,3826,40,64039,45.9,0.48,768.0,420464,5043.0,24015,288.0,10354984,124208.0,New York City,New York,36,8336817
2021-01-02,4073,40,64027,48.9,0.476,768.0,424537,5092.0,24055,289.0,10419011,124976.0,New York City,New York,36,8336817
2021-01-03,4213,39,63907,50.5,0.466,767.0,428750,5143.0,24094,289.0,10482918,125742.0,New York City,New York,36,8336817
2021-01-04,4552,38,60840,54.6,0.454,730.0,433302,5197.0,24131,289.0,10543758,126472.0,New York City,New York,36,8336817
2021-01-05,4845,36,57687,58.1,0.43,692.0,438147,5256.0,24167,290.0,10601444,127164.0,New York City,New York,36,8336817
2021-01-06,4958,35,59038,59.5,0.418,708.0,443105,5315.0,24202,290.0,10660482,127872.0,New York City,New York,36,8336817
2021-01-07,5210,38,63322,62.5,0.451,760.0,448315,5378.0,24240,291.0,10723804,128632.0,New York City,New York,36,8336817
2021-01-08,5378,37,70902,64.5,0.442,850.0,453693,5442.0,24277,291.0,10794706,129482.0,New York City,New York,36,8336817
2021-01-09,5513,39,77075,66.1,0.471,925.0,459206,5508.0,24316,292.0,10871781,130407.0,New York City,New York,36,8336817
2021-01-10,5808,44,79294,69.7,0.533,951.0,465014,5578.0,24360,292.0,10951075,131358.0,New York City,New York,36,8336817
2021-01-11,6093,49,83182,73.1,0.586,998.0,471106,5651.0,24409,293.0,11034257,132356.0,New York City,New York,36,8336817
2021-01-12,6127,53,87929,73.5,0.641,1055.0,477233,5724.0,24463,293.0,11122186,133410.0,New York City,New York,36,8336817
2021-01-13,6262,57,80390,75.1,0.687,964.0,483495,5800.0,24520,294.0,11202576,134375.0,New York City,New York,36,8336817
2021-01-14,6197,62,74383,74.3,0.744,892.0,489692,5874.0,24582,295.0,11276959,135267.0,New York City,New York,36,8336817
2021-01-15,6231,63,74885,74.7,0.761,898.0,495923,5949.0,24645,296.0,11351844,136165.0,New York City,New York,36,8336817
2021-01-16,6135,68,72825,73.6,0.816,874.0,502058,6022.0,24713,296.0,11424669,137039.0,New York City,New York,36,8336817
2021-01-17,6039,67,72844,72.4,0.809,874.0,508097,6095.0,24781,297.0,11497514,137913.0,New York City,New York,36,8336817
2021-01-18,6139,68,71914,73.6,0.819,863.0,514236,6168.0,24849,298.0,11569427,138775.0,New York City,New York,36,8336817
2021-01-19,6136,67,70571,73.6,0.807,846.0,520372,6242.0,24916,299.0,11639998,139622.0,New York City,New York,36,8336817
2021-01-20,5907,68,79825,70.9,0.814,958.0,526279,6313.0,24984,300.0,11719824,140579.0,New York City,New York,36,8336817
2021-01-21,5812,68,85759,69.7,0.814,1029.0,532091,6382.0,25052,300.0,11805582,141608.0,New York City,New York,36,8336817
2021-01-22,5753,69,85633,69.0,0.822,1027.0,537844,6451.0,25121,301.0,11891215,142635.0,New York City,New York,36,8336817
2021-01-23,5712,68,86125,68.5,0.819,1033.0,543556,6520.0,25189,302.0,11977340,143668.0,New York City,New York,36,8336817
2021-01-24,5685,71,85758,68.2,0.848,1029.0,549241,6588.0,25260,303.0,12063097,144697.0,New York City,New York,36,8336817
2021-01-25,5573,71,86925,66.8,0.855,1043.0,554814,6655.0,25331,304.0,12150023,145739.0,New York City,New York,36,8336817
2021-01-26,5501,71,88925,66.0,0.855,1067.0,560315,6721.0,25402,305.0,12238948,146806.0,New York City,New York,36,8336817
2021-01-27,5492,73,88820,65.9,0.877,1065.0,565807,6787.0,25475,306.0,12327768,147871.0,New York City,New York,36,8336817
2021-01-28,5673,71,88250,68.0,0.85,1059.0,571480,6855.0,25546,306.0,12416017,148930.0,New York City,New York,36,8336817
2021-01-29,5575,75,87742,66.9,0.905,1052.0,577055,6922.0,25622,307.0,12503759,149982.0,New York City,New York,36,8336817
2021-01-30,5594,77,86784,67.1,0.929,1041.0,582649,6989.0,25699,308.0,12590543,151023.0,New York City,New York,36,8336817
2021-01-31,5597,80,85628,67.1,0.959,1027.0,588246,7056.0,25779,309.0,12676171,152050.0,New York City,New York,36,8336817
2021-02-01,5447,82,80622,65.3,0.987,967.0,593693,7121.0,25861,310.0,12756792,153018.0,New York City,New York,36,8336817
2021-02-02,5286,84,72425,63.4,1.01,869.0,598979,7185.0,25945,311.0,12829217,153886.0,New York City,New York,36,8336817
2021-02-03,5218,79,67129,62.6,0.951,805.0,604197,7247.0,26025,312.0,12896346,154691.0,New York City,New York,36,8336817
2021-02-04,4648,80,64914,55.8,0.961,779.0,608845,7303.0,26105,313.0,12961261,155470.0,New York City,New York,36,8336817
2021-02-05,4198,77,64255,50.4,0.929,771.0,613043,7353.0,26182,314.0,13025516,156241.0,New York City,New York,36,8336817
2021-02-06,4122,79,65262,49.4,0.944,783.0,617165,7403.0,26261,315.0,13090778,157024.0,New York City,New York,36,8336817
2021-02-07,4086,80,65594,49.0,0.956,787.0,621250,7452.0,26341,316.0,13156372,157810.0,New York City,New York,36,8336817
2021-02-08,4150,78,68083,49.8,0.932,817.0,625400,7502.0,26418,317.0,13224455,158627.0,New York City,New York,36,8336817
2021-02-09,4248,78,76064,51.0,0.939,912.0,629649,7553.0,26497,318.0,13300519,159540.0,New York City,New York,36,8336817
2021-02-10,4101,86,74688,49.2,1.03,896.0,633750,7602.0,26582,319.0,13375207,160435.0,New York City,New York,36,8336817
2021-02-11,4477,85,67457,53.7,1.02,809.0,638227,7656.0,26668,320.0,13442664,161245.0,New York City,New York,36,8336817
2021-02-12,4690,88,66759,56.3,1.05,801.0,642917,7712.0,26755,321.0,13509424,162045.0,New York City,New York,36,8336817
2021-02-13,4546,85,64994,54.5,1.01,780.0,647462,7766.0,26840,322.0,13574418,162825.0,New York City,New York,36,8336817
2021-02-14,4397,84,64057,52.7,1.01,768.0,651859,7819.0,26924,323.0,13638475,163593.0,New York City,New York,36,8336817
2021-02-15,4190,84,63096,50.3,1.0,757.0,656049,7869.0,27008,324.0,13701571,164350.0,New York City,New York,36,8336817
2021-02-16,4054,83,59334,48.6,1.0,712.0,660103,7918.0,27091,325.0,13760905,165062.0,New York City,New York,36,8336817
2021-02-17,4073,79,63555,48.9,0.949,762.0,664176,7967.0,27170,326.0,13824460,165824.0,New York City,New York,36,8336817
2021-02-18,4243,81,68859,50.9,0.97,826.0,668419,8018.0,27251,327.0,13893319,166650.0,New York City,New York,36,8336817
2021-02-19,4278,83,65820,51.3,0.991,790.0,672697,8069.0,27334,328.0,13959139,167440.0,New York City,New York,36,8336817
2021-02-20,4296,83,64711,51.5,0.992,776.0,676993,8121.0,27417,329.0,14023850,168216.0,New York City,New York,36,8336817
2021-02-21,4135,79,64563,49.6,0.953,774.0,681128,8170.0,27496,330.0,14088413,168990.0,New York City,New York,36,8336817
2021-02-22,4118,78,66176,49.4,0.934,794.0,685246,8220.0,27574,331.0,14154589,169784.0,New York City,New York,36,8336817
2021-02-23,4140,77,69439,49.7,0.925,833.0,689386,8269.0,27651,332.0,14224028,170617.0,New York City,New York,36,8336817
2021-02-24,4197,77,70389,50.3,0.925,844.0,693583,8320.0,27728,333.0,14294417,171461.0,New York City,New York,36,8336817
2021-02-25,3932,76,74267,47.2,0.915,891.0,697515,8367.0,27804,334.0,14368684,172352.0,New York City,New York,36,8336817
2021-02-26,3867,73,78783,46.4,0.881,945.0,701382,8413.0,27878,334.0,14447467,173297.0,New York City,New York,36,8336817
2021-02-27,3807,74,82116,45.7,0.884,985.0,705189,8459.0,27952,335.0,14529583,174282.0,New York City,New York,36,8336817
2021-02-28,3978,73,82935,47.7,0.871,995.0,709168,8506.0,28024,336.0,14612518,175277.0,New York City,New York,36,8336817
2021-03-01,4007,74,82930,48.1,0.889,995.0,713174,8555.0,28098,337.0,14695448,176272.0,New York City,New York,36,8336817
2021-03-02,3994,76,83191,47.9,0.908,998.0,717169,8602.0,28174,338.0,14778639,177270.0,New York City,New York,36,8336817
2021-03-03,3976,78,83364,47.7,0.939,1000.0,721144,8650.0,28252,339.0,14862004,178270.0,New York City,New York,36,8336817
2021-03-04,3897,79,82815,46.7,0.948,993.0,725041,8697.0,28331,340.0,14944818,179263.0,New York City,New York,36,8336817
2021-03-05,3865,77,81620,46.4,0.92,979.0,728907,8743.0,28408,341.0,15026439,180242.0,New York City,New York,36,8336817
2021-03-06,3907,75,80004,46.9,0.9,960.0,732814,8790.0,28483,342.0,15106443,181202.0,New York City,New York,36,8336817
2021-03-07,3931,75,78932,47.2,0.894,947.0,736745,8837.0,28558,343.0,15185374,182148.0,New York City,New York,36,8336817
2021-03-08,3814,72,78437,45.8,0.864,941.0,740559,8883.0,28630,343.0,15263811,183089.0,New York City,New York,36,8336817
2021-03-09,3843,67,77420,46.1,0.805,929.0,744402,8929.0,28697,344.0,15341232,184018.0,New York City,New York,36,8336817
2021-03-10,3820,62,78284,45.8,0.744,939.0,748223,8975.0,28759,345.0,15419515,184957.0,New York City,New York,36,8336817
2021-03-11,3828,62,77293,45.9,0.747,927.0,752051,9021.0,28821,346.0,15496809,185884.0,New York City,New York,36,8336817
2021-03-12,3854,61,77329,46.2,0.732,928.0,755905,9067.0,28882,346.0,15574138,186812.0,New York City,New York,36,8336817
2021-03-13,3614,60,77606,43.4,0.718,931.0,759519,9110.0,28942,347.0,15651744,187742.0,New York City,New York,36,8336817
2021-03-14,3541,61,78702,42.5,0.733,944.0,763061,9153.0,29003,348.0,15730446,188686.0,New York City,New York,36,8336817
2021-03-15,3747,62,79131,44.9,0.747,949.0,766807,9198.0,29065,349.0,15809577,189636.0,New York City,New York,36,8336817
2021-03-16,3696,64,79145,44.3,0.768,949.0,770503,9242.0,29129,349.0,15888723,190585.0,New York City,New York,36,8336817
2021-03-17,3693,62,78614,44.3,0.747,943.0,774197,9286.0,29192,350.0,15967336,191528.0,New York City,New York,36,8336817
2021-03-18,3379,59,78882,40.5,0.709,946.0,777576,9327.0,29251,351.0,16046219,192474.0,New York City,New York,36,8336817
2021-03-19,2973,59,78084,35.7,0.713,937.0,780548,9363.0,29310,352.0,16124303,193411.0,New York City,New York,36,8336817
2021-03-20,2961,57,77313,35.5,0.689,927.0,783509,9398.0,29368,352.0,16201616,194338.0,New York City,New York,36,8336817
2021-03-21,2410,47,76324,28.9,0.565,916.0,785919,9427.0,29415,353.0,16277940,195254.0,New York City,New York,36,8336817
2021-03-22,1793,39,76406,21.5,0.469,916.0,787712,9449.0,29454,353.0,16354347,196170.0,New York City,New York,36,8336817
2021-03-23,1282,32,77054,15.4,0.38,924.0,788994,9464.0,29486,354.0,16431401,197094.0,New York City,New York,36,8336817
2021-03-24,4306,57,76744,51.7,0.68,921.0,793300,9516.0,29542,354.0,16508145,198015.0,New York City,New York,36,8336817
2021-03-25,4697,56,76670,56.3,0.668,920.0,797998,9572.0,29598,355.0,16584815,198935.0,New York City,New York,36,8336817
2021-03-26,5061,53,78196,60.7,0.641,938.0,803059,9633.0,29651,356.0,16663011,199873.0,New York City,New York,36,8336817
2021-03-27,5288,55,80139,63.4,0.66,961.0,808348,9696.0,29706,356.0,16743150,200834.0,New York City,New York,36,8336817
2021-03-28,5962,66,80439,71.5,0.787,965.0,814309,9768.0,29772,357.0,16823590,201799.0,New York City,New York,36,8336817
2021-03-29,6693,81,79948,80.3,0.968,959.0,821002,9848.0,29853,358.0,16903538,202758.0,New York City,New York,36,8336817
2021-03-30,7047,81,78393,84.5,0.972,940.0,828049,9932.0,29934,359.0,16981932,203698.0,New York City,New York,36,8336817
2021-03-31,4107,58,76499,49.3,0.691,918.0,832156,9982.0,29991,360.0,17058430,204616.0,New York City,New York,36,8336817
2021-04-01,4122,58,74196,49.4,0.692,890.0,836277,10031.0,30049,360.0,17132626,205506.0,New York City,New York,36,8336817
2021-04-02,4136,59,73089,49.6,0.709,877.0,840414,10081.0,30108,361.0,17205716,206382.0,New York City,New York,36,8336817
2021-04-03,4024,60,70569,48.3,0.723,846.0,844438,10129.0,30168,362.0,17276284,207229.0,New York City,New York,36,8336817
2021-04-04,3902,58,69995,46.8,0.701,840.0,848340,10176.0,30227,363.0,17346280,208068.0,New York City,New York,36,8336817
2021-04-05,3627,51,69703,43.5,0.61,836.0,851967,10219.0,30278,363.0,17415982,208904.0,New York City,New York,36,8336817
2021-04-06,3730,55,71506,44.7,0.662,858.0,855697,10264.0,30333,364.0,17487488,209762.0,New York City,New York,36,8336817
2021-04-07,3629,54,73242,43.5,0.648,879.0,859326,10308.0,30387,364.0,17560730,210641.0,New York City,New York,36,8336817
2021-04-08,3569,54,75791,42.8,0.649,909.0,862896,10350.0,30441,365.0,17636522,211550.0,New York City,New York,36,8336817
2021-04-09,3564,53,77566,42.8,0.641,930.0,866460,10393.0,30494,366.0,17714088,212480.0,New York City,New York,36,8336817
2021-04-10,3550,51,79057,42.6,0.61,948.0,870011,10436.0,30545,366.0,17793144,213429.0,New York City,New York,36,8336817
2021-04-11,3444,50,78915,41.3,0.601,947.0,873455,10477.0,30595,367.0,17872058,214375.0,New York City,New York,36,8336817
2021-04-12,3399,52,79123,40.8,0.619,949.0,876854,10518.0,30647,368.0,17951182,215324.0,New York City,New York,36,8336817
2021-04-13,3271,51,78128,39.2,0.617,937.0,880125,10557.0,30698,368.0,18029310,216261.0,New York City,New York,36,8336817
2021-04-14,3252,52,76958,39.0,0.62,923.0,883377,10596.0,30750,369.0,18106266,217184.0,New York City,New York,36,8336817
2021-04-15,3066,52,76299,36.8,0.619,915.0,886444,10633.0,30802,369.0,18182566,218100.0,New York City,New York,36,8336817
2021-04-16,2955,51,74827,35.4,0.617,898.0,889398,10668.0,30853,370.0,18257394,218997.0,New York City,New York,36,8336817
2021-04-17,2795,53,73969,33.5,0.63,887.0,892193,10702.0,30906,371.0,18331362,219884.0,New York City,New York,36,8336817
2021-04-18,2726,49,73156,32.7,0.593,878.0,894919,10735.0,30955,371.0,18404518,220762.0,New York City,New York,36,8336817
2021-04-19,2714,45,72188,32.5,0.535,866.0,897633,10767.0,31000,372.0,18476706,221628.0,New York City,New York,36,8336817
2021-04-20,2732,46,68545,32.8,0.547,822.0,900365,10800.0,31045,372.0,18545252,222450.0,New York City,New York,36,8336817
