date,new_case_count,new_death_count,new_test_count,vaccine_count,new_vaccine_count,new_case_rate,new_death_rate,new_test_rate,vaccine_rate,new_vaccine_rate,case_count,case_rate,death_count,death_rate,test_count,test_rate,statename,state_pop2019
2020-01-22,0,0,0,.,.,0,0,0,.,.,0,0,0,0,0,0,New York,19453561
2020-01-23,0,0,0,.,.,0,0,0,.,.,0,0,0,0,0,0,New York,19453561
2020-01-24,0,0,0,.,.,0,0,0,.,.,0,0,0,0,0,0,New York,19453561
2020-01-25,0,0,0,.,.,0,0,0,.,.,0,0,0,0,0,0,New York,19453561
2020-01-26,0,0,0,.,.,0,0,0,.,.,0,0,0,0,0,0,New York,19453561
2020-01-27,0,0,0,.,.,0,0,0,.,.,0,0,0,0,0,0,New York,19453561
2020-01-28,0,0,0,.,.,0,0,0,.,.,0,0,0,0,0,0,New York,19453561
2020-01-29,0,0,0,.,.,0,0,0,.,.,0,0,0,0,0,0,New York,19453561
2020-01-30,0,0,0,.,.,0,0,0,.,.,0,0,0,0,0,0,New York,19453561
2020-01-31,0,0,0,.,.,0,0,0,.,.,0,0,0,0,0,0,New York,19453561
2020-02-01,0,0,0,.,.,0,0,0,.,.,0,0,0,0,0,0,New York,19453561
2020-02-02,0,0,0,.,.,0,0,0,.,.,0,0,0,0,0,0,New York,19453561
2020-02-03,0,0,0,.,.,0,0,0,.,.,0,0,0,0,0,0,New York,19453561
2020-02-04,0,0,0,.,.,0,0,0,.,.,0,0,0,0,0,0,New York,19453561
2020-02-05,0,0,0,.,.,0,0,0,.,.,0,0,0,0,0,0,New York,19453561
2020-02-06,0,0,0,.,.,0,0,0,.,.,0,0,0,0,0,0,New York,19453561
2020-02-07,0,0,0,.,.,0,0,0,.,.,0,0,0,0,0,0,New York,19453561
2020-02-08,0,0,0,.,.,0,0,0,.,.,0,0,0,0,0,0,New York,19453561
2020-02-09,0,0,0,.,.,0,0,0,.,.,0,0,0,0,0,0,New York,19453561
2020-02-10,0,0,0,.,.,0,0,0,.,.,0,0,0,0,0,0,New York,19453561
2020-02-11,0,0,0,.,.,0,0,0,.,.,0,0,0,0,0,0,New York,19453561
2020-02-12,0,0,0,.,.,0,0,0,.,.,0,0,0,0,0,0,New York,19453561
2020-02-13,0,0,0,.,.,0,0,0,.,.,0,0,0,0,0,0,New York,19453561
2020-02-14,0,0,0,.,.,0,0,0,.,.,0,0,0,0,0,0,New York,19453561
2020-02-15,0,0,0,.,.,0,0,0,.,.,0,0,0,0,0,0,New York,19453561
2020-02-16,0,0,0,.,.,0,0,0,.,.,0,0,0,0,0,0,New York,19453561
2020-02-17,0,0,0,.,.,0,0,0,.,.,0,0,0,0,0,0,New York,19453561
2020-02-18,0,0,0,.,.,0,0,0,.,.,0,0,0,0,0,0,New York,19453561
2020-02-19,0,0,0,.,.,0,0,0,.,.,0,0,0,0,0,0,New York,19453561
2020-02-20,0,0,0,.,.,0,0,0,.,.,0,0,0,0,0,0,New York,19453561
2020-02-21,0,0,0,.,.,0,0,0,.,.,0,0,0,0,0,0,New York,19453561
2020-02-22,0,0,0,.,.,0,0,0,.,.,0,0,0,0,0,0,New York,19453561
2020-02-23,0,0,0,.,.,0,0,0,.,.,0,0,0,0,0,0,New York,19453561
2020-02-24,0,0,0,.,.,0,0,0,.,.,0,0,0,0,0,0,New York,19453561
2020-02-25,0,0,0,.,.,0,0,0,.,.,0,0,0,0,0,0,New York,19453561
2020-02-26,0,0,0,.,.,0,0,0,.,.,0,0,0,0,0,0,New York,19453561
2020-02-27,0,0,0,.,.,0,0,0,.,.,0,0,0,0,0,0,New York,19453561
2020-02-28,0,0,0,.,.,0,0,0,.,.,0,0,0,0,0,0,New York,19453561
2020-02-29,0,0,0,.,.,0,0,0,.,.,0,0,0,0,0,0,New York,19453561
2020-03-01,0,0,4,.,.,0,0,.0206,.,.,0,0,0,0,4,.0206,New York,19453561
2020-03-02,0,0,9,.,.,.00072,0,.0463,.,.,0,.00072,0,0,13,.0668,New York,19453561
2020-03-03,0,0,16,.,.,.00144,0,.0831,.,.,0,.00216,0,0,29,.15,New York,19453561
2020-03-04,2,0,65,.,.,.00807,0,.332,.,.,2,.0102,0,0,94,.482,New York,19453561
2020-03-05,3,0,82,.,.,.0169,0,.423,.,.,5,.0271,0,0,176,.905,New York,19453561
2020-03-06,4,0,128,.,.,.0183,0,.659,.,.,9,.0454,0,0,304,1.56,New York,19453561
2020-03-07,11,0,166,.,.,.0565,0,.853,.,.,20,.102,0,0,470,2.42,New York,19453561
2020-03-08,15,0,214,.,.,.0785,0,1.1,.,.,35,.18,0,0,684,3.52,New York,19453561
2020-03-09,21,0,261,.,.,.106,0,1.34,.,.,56,.286,0,0,944,4.85,New York,19453561
2020-03-10,24,0,359,.,.,.126,0,1.84,.,.,80,.412,0,0,1303,6.7,New York,19453561
2020-03-11,28,0,455,.,.,.144,0,2.34,.,.,108,.556,0,0,1758,9.04,New York,19453561
2020-03-12,43,0,565,.,.,.222,0,2.91,.,.,151,.777,0,0,2323,11.9,New York,19453561
2020-03-13,51,0,758,.,.,.263,0,3.9,.,.,202,1.04,0,0,3081,15.8,New York,19453561
2020-03-14,64,0,1007,.,.,.33,.00144,5.17,.,.,267,1.37,0,.00144,4088,21,New York,19453561
2020-03-15,76,0,1254,.,.,.391,.00144,6.45,.,.,343,1.76,1,.00288,5342,27.5,New York,19453561
2020-03-16,98,1,1806,.,.,.504,.00437,9.29,.,.,441,2.27,1,.00725,7149,36.7,New York,19453561
2020-03-17,196,1,2805,.,.,1.01,.00586,14.4,.,.,637,3.27,3,.0131,9954,51.2,New York,19453561
2020-03-18,406,1,4247,.,.,2.09,.00658,21.8,.,.,1043,5.36,4,.0197,14201,73,New York,19453561
2020-03-19,758,1,5647,.,.,3.9,.00658,29,.,.,1801,9.26,5,.0263,19847,102,New York,19453561
2020-03-20,1065,1,7751,.,.,5.48,.00658,39.8,.,.,2867,14.7,6,.0328,27598,142,New York,19453561
2020-03-21,1658,2,10130,.,.,8.52,.00874,52.1,.,.,4524,23.3,8,.0416,37728,194,New York,19453561
2020-03-22,2159,11,12137,.,.,11.1,.058,62.4,.,.,6684,34.4,19,.0996,49865,256,New York,19453561
2020-03-23,2867,19,13328,.,.,14.7,.0962,68.5,.,.,9551,49.1,38,.196,63194,325,New York,19453561
2020-03-24,3432,31,14579,.,.,17.6,.159,74.9,.,.,12984,66.7,69,.355,77773,400,New York,19453561
2020-03-25,4269,47,15415,.,.,21.9,.244,79.2,.,.,17252,88.7,116,.599,93187,479,New York,19453561
2020-03-26,4758,61,16625,.,.,24.5,.316,85.5,.,.,22010,113,178,.914,109813,564,New York,19453561
2020-03-27,5277,77,17012,.,.,27.1,.394,87.4,.,.,27287,140,254,1.31,126824,652,New York,19453561
2020-03-28,5877,110,16900,.,.,30.2,.568,86.9,.,.,33163,170,365,1.88,143724,739,New York,19453561
2020-03-29,6207,117,16758,.,.,31.9,.601,86.1,.,.,39371,202,482,2.48,160482,825,New York,19453561
2020-03-30,6599,136,17138,.,.,33.9,.698,88.1,.,.,45970,236,618,3.17,177620,913,New York,19453561
2020-03-31,6978,155,17480,.,.,35.9,.797,89.9,.,.,52948,272,773,3.97,195101,1003,New York,19453561
2020-04-01,7024,193,18142,.,.,36.1,.99,93.3,.,.,59971,308,965,4.96,213242,1096,New York,19453561
2020-04-02,7345,216,18583,.,.,37.8,1.11,95.5,.,.,67317,346,1181,6.07,231825,1192,New York,19453561
2020-04-03,8406,261,19209,.,.,43.2,1.34,98.7,.,.,75722,389,1443,7.42,251034,1290,New York,19453561
2020-04-04,8656,317,19496,.,.,44.5,1.63,100,.,.,84378,434,1760,9.05,270530,1391,New York,19453561
2020-04-05,8996,426,19850,.,.,46.2,2.19,102,.,.,93374,480,2186,11.2,290381,1493,New York,19453561
2020-04-06,9104,481,20461,.,.,46.8,2.47,105,.,.,102478,527,2667,13.7,310842,1598,New York,19453561
2020-04-07,9225,561,21316,.,.,47.4,2.89,110,.,.,111703,574,3228,16.6,332158,1707,New York,19453561
2020-04-08,9625,620,22127,.,.,49.5,3.19,114,.,.,121329,624,3848,19.8,354285,1821,New York,19453561
2020-04-09,9942,690,22774,.,.,51.1,3.55,117,.,.,131271,675,4538,23.3,377059,1938,New York,19453561
2020-04-10,9556,775,23266,.,.,49.1,3.99,120,.,.,140828,724,5314,27.3,400325,2058,New York,19453561
2020-04-11,9514,783,23970,.,.,48.9,4.02,123,.,.,150342,773,6097,31.3,424295,2181,New York,19453561
2020-04-12,9502,780,24091,.,.,48.8,4.01,124,.,.,159844,822,6877,35.3,448387,2305,New York,19453561
2020-04-13,9172,746,23629,.,.,47.1,3.83,121,.,.,169016,869,7622,39.2,472016,2426,New York,19453561
2020-04-14,9031,979,22910,.,.,46.4,5.03,118,.,.,178047,915,8601,44.2,494925,2544,New York,19453561
2020-04-15,9186,965,22084,.,.,47.2,4.96,114,.,.,187233,962,9566,49.2,517009,2658,New York,19453561
2020-04-16,8905,958,22022,.,.,45.8,4.92,113,.,.,196138,1008,10524,54.1,539031,2771,New York,19453561
2020-04-17,8447,875,21981,.,.,43.4,4.5,113,.,.,204585,1052,11399,58.6,561012,2884,New York,19453561
2020-04-18,8039,831,21869,.,.,41.3,4.27,112,.,.,212624,1093,12230,62.9,582880,2996,New York,19453561
2020-04-19,7727,920,21754,.,.,39.7,4.73,112,.,.,220352,1133,13150,67.6,604634,3108,New York,19453561
2020-04-20,7497,958,21984,.,.,38.5,4.93,113,.,.,227849,1171,14108,72.5,626618,3221,New York,19453561
2020-04-21,7097,721,22627,.,.,36.5,3.7,116,.,.,234946,1208,14828,76.2,649246,3337,New York,19453561
2020-04-22,6251,721,23708,.,.,32.1,3.71,122,.,.,241198,1240,15550,79.9,672954,3459,New York,19453561
2020-04-23,5882,710,24378,.,.,30.2,3.65,125,.,.,247080,1270,16260,83.6,697332,3585,New York,19453561
2020-04-24,5993,739,25086,.,.,30.8,3.8,129,.,.,253072,1301,16999,87.4,722417,3714,New York,19453561
2020-04-25,6487,781,25378,.,.,33.3,4.01,130,.,.,259560,1334,17780,91.4,747795,3844,New York,19453561
2020-04-26,6466,639,27713,.,.,33.2,3.28,142,.,.,266025,1367,18419,94.7,775508,3986,New York,19453561
2020-04-27,6355,610,31584,.,.,32.7,3.14,162,.,.,272380,1400,19029,97.8,807092,4149,New York,19453561
2020-04-28,6174,561,32037,.,.,31.7,2.89,165,.,.,278554,1432,19590,101,839129,4313,New York,19453561
2020-04-29,6022,521,32514,.,.,31,2.68,167,.,.,284576,1463,20112,103,871643,4481,New York,19453561
2020-04-30,5845,484,33549,.,.,30,2.49,172,.,.,290421,1493,20596,106,905192,4653,New York,19453561
2020-05-01,5249,449,35444,.,.,27,2.31,182,.,.,295669,1520,21044,108,940636,4835,New York,19453561
2020-05-02,4407,415,35362,.,.,22.7,2.13,182,.,.,300077,1543,21459,110,975998,5017,New York,19453561
2020-05-03,4053,406,33741,.,.,20.8,2.09,173,.,.,304130,1563,21865,112,1009739,5191,New York,19453561
2020-05-04,3851,388,30159,.,.,19.8,1.99,155,.,.,307981,1583,22253,114,1039898,5346,New York,19453561
2020-05-05,3728,375,30453,.,.,19.2,1.93,157,.,.,311708,1602,22628,116,1070351,5502,New York,19453561
2020-05-06,3470,451,30831,.,.,17.8,2.32,158,.,.,315178,1620,23078,119,1101181,5661,New York,19453561
2020-05-07,3300,453,29713,.,.,17,2.33,153,.,.,318477,1637,23531,121,1130894,5813,New York,19453561
2020-05-08,3154,438,28302,.,.,16.2,2.25,145,.,.,321631,1653,23969,123,1159196,5959,New York,19453561
2020-05-09,2875,427,29231,.,.,14.8,2.19,150,.,.,324506,1668,24396,125,1188427,6109,New York,19453561
2020-05-10,2711,406,29209,.,.,13.9,2.09,150,.,.,327218,1682,24801,127,1217636,6259,New York,19453561
2020-05-11,2586,401,29568,.,.,13.3,2.06,152,.,.,329804,1695,25202,130,1247204,6411,New York,19453561
2020-05-12,2469,391,30643,.,.,12.7,2.01,158,.,.,332273,1708,25593,132,1277847,6569,New York,19453561
2020-05-13,2383,292,31425,.,.,12.3,1.5,162,.,.,334656,1720,25885,133,1309272,6730,New York,19453561
2020-05-14,2226,272,32803,.,.,11.4,1.4,169,.,.,336882,1732,26157,134,1342075,6899,New York,19453561
2020-05-15,2201,261,33524,.,.,11.3,1.34,172,.,.,339083,1743,26418,136,1375598,7071,New York,19453561
2020-05-16,2159,246,33729,.,.,11.1,1.27,173,.,.,341242,1754,26664,137,1409327,7245,New York,19453561
2020-05-17,2104,238,34184,.,.,10.8,1.23,176,.,.,343346,1765,26903,138,1443511,7420,New York,19453561
2020-05-18,2045,225,35021,.,.,10.5,1.16,180,.,.,345391,1775,27128,139,1478532,7600,New York,19453561
2020-05-19,2051,208,35771,.,.,10.5,1.07,184,.,.,347442,1786,27335,141,1514303,7784,New York,19453561
2020-05-20,1958,198,36823,.,.,10.1,1.02,189,.,.,349401,1796,27533,142,1551126,7973,New York,19453561
2020-05-21,1915,186,37910,.,.,9.85,.954,195,.,.,351316,1806,27719,142,1589035,8168,New York,19453561
2020-05-22,1763,179,40170,.,.,9.06,.921,206,.,.,353079,1815,27898,143,1629205,8375,New York,19453561
2020-05-23,1671,161,42062,.,.,8.59,.829,216,.,.,354750,1824,28059,144,1671267,8591,New York,19453561
2020-05-24,1628,151,44339,.,.,8.37,.778,228,.,.,356378,1832,28210,145,1715606,8819,New York,19453561
2020-05-25,1628,142,45597,.,.,8.37,.732,234,.,.,358005,1840,28353,146,1761203,9053,New York,19453561
2020-05-26,1570,139,47344,.,.,8.07,.714,243,.,.,359575,1848,28491,146,1808547,9297,New York,19453561
2020-05-27,1514,126,51338,.,.,7.78,.648,264,.,.,361089,1856,28617,147,1859886,9561,New York,19453561
2020-05-28,1468,121,53800,.,.,7.54,.624,277,.,.,362557,1864,28739,148,1913686,9837,New York,19453561
2020-05-29,1447,114,55884,.,.,7.44,.585,287,.,.,364004,1871,28852,148,1969570,10124,New York,19453561
2020-05-30,1391,101,57601,.,.,7.15,.519,296,.,.,365394,1878,28953,149,2027172,10421,New York,19453561
2020-05-31,1322,91,59470,.,.,6.8,.47,306,.,.,366716,1885,29045,149,2086642,10726,New York,19453561
2020-06-01,1278,103,62608,.,.,6.57,.529,322,.,.,367994,1892,29148,150,2149250,11048,New York,19453561
2020-06-02,1220,102,64405,.,.,6.27,.522,331,.,.,369214,1898,29249,150,2213655,11379,New York,19453561
2020-06-03,1199,88,62867,.,.,6.16,.453,323,.,.,370413,1904,29337,151,2276523,11702,New York,19453561
2020-06-04,1207,99,64107,.,.,6.21,.507,330,.,.,371621,1910,29436,151,2340630,12032,New York,19453561
2020-06-05,1130,90,63767,.,.,5.81,.46,328,.,.,372751,1916,29525,152,2404397,12360,New York,19453561
2020-06-06,1085,83,63905,.,.,5.58,.429,329,.,.,373835,1922,29609,152,2468303,12688,New York,19453561
2020-06-07,1034,87,64054,.,.,5.32,.446,329,.,.,374870,1927,29696,153,2532357,13017,New York,19453561
2020-06-08,977,74,63129,.,.,5.02,.382,325,.,.,375847,1932,29770,153,2595485,13342,New York,19453561
2020-06-09,910,71,62393,.,.,4.68,.365,321,.,.,376757,1937,29841,153,2657879,13663,New York,19453561
2020-06-10,863,73,63336,.,.,4.44,.374,326,.,.,377620,1941,29914,154,2721215,13988,New York,19453561
2020-06-11,806,56,62808,.,.,4.14,.287,323,.,.,378426,1945,29970,154,2784022,14311,New York,19453561
2020-06-12,762,70,62290,.,.,3.92,.358,320,.,.,379188,1949,30039,154,2846312,14631,New York,19453561
2020-06-13,720,66,63688,.,.,3.7,.338,327,.,.,379907,1953,30105,155,2910000,14959,New York,19453561
2020-06-14,696,58,63390,.,.,3.58,.297,326,.,.,380604,1956,30163,155,2973390,15285,New York,19453561
2020-06-15,686,54,63159,.,.,3.53,.28,325,.,.,381290,1960,30217,155,3036549,15609,New York,19453561
2020-06-16,674,57,64895,.,.,3.46,.292,334,.,.,381964,1963,30274,156,3101444,15943,New York,19453561
2020-06-17,667,50,65721,.,.,3.43,.256,338,.,.,382630,1967,30324,156,3167165,16281,New York,19453561
2020-06-18,651,50,66463,.,.,3.34,.259,342,.,.,383281,1970,30374,156,3233628,16622,New York,19453561
2020-06-19,652,33,68080,.,.,3.35,.167,350,.,.,383933,1974,30407,156,3301708,16972,New York,19453561
2020-06-20,643,41,67683,.,.,3.3,.209,348,.,.,384575,1977,30448,157,3369392,17320,New York,19453561
2020-06-21,639,41,66283,.,.,3.28,.212,341,.,.,385214,1980,30489,157,3435675,17661,New York,19453561
2020-06-22,635,40,65982,.,.,3.27,.206,339,.,.,385849,1983,30529,157,3501657,18000,New York,19453561
2020-06-23,634,40,64790,.,.,3.26,.207,333,.,.,386483,1987,30569,157,3566447,18333,New York,19453561
2020-06-24,643,39,63959,.,.,3.3,.201,329,.,.,387126,1990,30608,157,3630406,18662,New York,19453561
2020-06-25,659,40,63491,.,.,3.39,.204,326,.,.,387786,1993,30648,158,3693897,18988,New York,19453561
2020-06-26,660,39,62227,.,.,3.39,.201,320,.,.,388446,1997,30687,158,3756125,19308,New York,19453561
2020-06-27,666,30,60535,.,.,3.42,.155,311,.,.,389111,2000,30717,158,3816660,19619,New York,19453561
2020-06-28,658,28,60648,.,.,3.38,.142,312,.,.,389769,2004,30745,158,3877308,19931,New York,19453561
2020-06-29,642,28,61553,.,.,3.3,.144,316,.,.,390411,2007,30773,158,3938860,20248,New York,19453561
2020-06-30,643,22,63818,.,.,3.3,.113,328,.,.,391054,2010,30795,158,4002678,20576,New York,19453561
2020-07-01,653,21,63689,.,.,3.36,.109,327,.,.,391707,2014,30816,158,4066367,20903,New York,19453561
2020-07-02,666,21,58209,.,.,3.43,.106,299,.,.,392373,2017,30837,159,4124576,21202,New York,19453561
2020-07-03,679,28,54545,.,.,3.49,.146,280,.,.,393052,2020,30865,159,4179121,21483,New York,19453561
2020-07-04,685,28,55282,.,.,3.52,.145,284,.,.,393736,2024,30894,159,4234403,21767,New York,19453561
2020-07-05,701,30,55817,.,.,3.6,.152,287,.,.,394437,2028,30923,159,4290221,22054,New York,19453561
2020-07-06,699,28,56218,.,.,3.59,.146,289,.,.,395136,2031,30952,159,4346438,22343,New York,19453561
2020-07-07,691,30,54242,.,.,3.55,.154,279,.,.,395827,2035,30982,159,4400681,22621,New York,19453561
2020-07-08,694,31,54464,.,.,3.57,.161,280,.,.,396521,2038,31013,159,4455145,22901,New York,19453561
2020-07-09,674,30,60042,.,.,3.46,.155,309,.,.,397195,2042,31043,160,4515187,23210,New York,19453561
2020-07-10,675,25,64345,.,.,3.47,.129,331,.,.,397869,2045,31068,160,4579532,23541,New York,19453561
2020-07-11,689,25,64759,.,.,3.54,.129,333,.,.,398558,2049,31093,160,4644291,23874,New York,19453561
2020-07-12,693,22,64907,.,.,3.56,.113,334,.,.,399251,2052,31115,160,4709199,24207,New York,19453561
2020-07-13,709,22,64509,.,.,3.64,.115,332,.,.,399960,2056,31137,160,4773708,24539,New York,19453561
2020-07-14,769,21,65399,.,.,3.96,.107,336,.,.,400729,2060,31158,160,4839107,24875,New York,19453561
2020-07-15,789,20,65730,.,.,4.05,.103,338,.,.,401518,2064,31178,160,4904836,25213,New York,19453561
2020-07-16,806,18,65400,.,.,4.15,.0947,336,.,.,402324,2068,31197,160,4970237,25549,New York,19453561
2020-07-17,793,16,64039,.,.,4.08,.0837,329,.,.,403117,2072,31213,160,5034276,25878,New York,19453561
2020-07-18,786,16,63355,.,.,4.04,.0845,326,.,.,403903,2076,31229,161,5097631,26204,New York,19453561
2020-07-19,771,17,64335,.,.,3.97,.0866,331,.,.,404675,2080,31246,161,5161966,26535,New York,19453561
2020-07-20,777,15,64779,.,.,3.99,.0785,333,.,.,405452,2084,31261,161,5226745,26868,New York,19453561
2020-07-21,752,16,61854,.,.,3.87,.0815,318,.,.,406204,2088,31277,161,5288599,27186,New York,19453561
2020-07-22,731,19,61918,.,.,3.76,.0977,318,.,.,406935,2092,31296,161,5350517,27504,New York,19453561
2020-07-23,726,19,62152,.,.,3.73,.0984,319,.,.,407662,2096,31315,161,5412669,27824,New York,19453561
2020-07-24,715,16,63923,.,.,3.68,.083,329,.,.,408377,2099,31332,161,5476591,28152,New York,19453561
2020-07-25,705,16,64500,.,.,3.63,.08,332,.,.,409082,2103,31347,161,5541091,28484,New York,19453561
2020-07-26,703,17,63607,.,.,3.61,.0852,327,.,.,409785,2106,31364,161,5604698,28811,New York,19453561
2020-07-27,697,16,63086,.,.,3.58,.083,324,.,.,410482,2110,31380,161,5667784,29135,New York,19453561
2020-07-28,670,16,65430,.,.,3.44,.0815,336,.,.,411152,2114,31396,161,5733214,29471,New York,19453561
2020-07-29,672,11,65118,.,.,3.45,.0551,335,.,.,411824,2117,31406,161,5798332,29806,New York,19453561
2020-07-30,664,11,65713,.,.,3.41,.0588,338,.,.,412488,2120,31418,162,5864046,30144,New York,19453561
2020-07-31,655,12,66196,.,.,3.37,.0595,340,.,.,413143,2124,31429,162,5930242,30484,New York,19453561
2020-08-01,655,11,67061,.,.,3.36,.0559,345,.,.,413798,2127,31440,162,5997303,30829,New York,19453561
2020-08-02,644,10,67802,.,.,3.31,.0515,349,.,.,414441,2130,31450,162,6065104,31177,New York,19453561
2020-08-03,637,9,68273,.,.,3.28,.0485,351,.,.,415079,2134,31460,162,6133377,31528,New York,19453561
2020-08-04,656,8,68866,.,.,3.37,.0433,354,.,.,415734,2137,31468,162,6202243,31882,New York,19453561
2020-08-05,643,12,69048,.,.,3.31,.0601,355,.,.,416378,2140,31480,162,6271291,32237,New York,19453561
2020-08-06,635,10,69477,.,.,3.27,.0522,357,.,.,417013,2144,31490,162,6340768,32594,New York,19453561
2020-08-07,619,10,69459,.,.,3.18,.0523,357,.,.,417632,2147,31500,162,6410227,32951,New York,19453561
2020-08-08,611,10,69932,.,.,3.14,.053,359,.,.,418243,2150,31510,162,6480158,33311,New York,19453561
2020-08-09,614,9,70287,.,.,3.16,.0441,361,.,.,418857,2153,31519,162,6550446,33672,New York,19453561
2020-08-10,604,9,72000,.,.,3.11,.0484,370,.,.,419462,2156,31528,162,6622445,34042,New York,19453561
2020-08-11,597,10,74537,.,.,3.07,.0492,383,.,.,420059,2159,31538,162,6696982,34425,New York,19453561
2020-08-12,594,6,75761,.,.,3.05,.0301,389,.,.,420653,2162,31544,162,6772744,34815,New York,19453561
2020-08-13,580,6,77157,.,.,2.98,.0301,397,.,.,421233,2165,31550,162,6849901,35212,New York,19453561
2020-08-14,590,8,79585,.,.,3.03,.0411,409,.,.,421823,2168,31558,162,6929485,35621,New York,19453561
2020-08-15,589,8,80067,.,.,3.03,.0418,412,.,.,422412,2171,31566,162,7009553,36032,New York,19453561
2020-08-16,594,8,79933,.,.,3.06,.0434,411,.,.,423007,2174,31574,162,7089486,36443,New York,19453561
2020-08-17,588,8,78233,.,.,3.02,.0412,402,.,.,423594,2177,31582,162,7167719,36845,New York,19453561
2020-08-18,581,8,76306,.,.,2.99,.0419,392,.,.,424175,2180,31590,162,7244024,37238,New York,19453561
2020-08-19,589,9,78833,.,.,3.03,.047,405,.,.,424764,2183,31600,162,7322858,37643,New York,19453561
2020-08-20,595,9,79495,.,.,3.06,.0462,409,.,.,425359,2187,31609,162,7402353,38051,New York,19453561
2020-08-21,607,6,79931,.,.,3.12,.0332,411,.,.,425966,2190,31615,163,7482284,38462,New York,19453561
2020-08-22,606,6,79987,.,.,3.11,.0309,411,.,.,426572,2193,31621,163,7562271,38873,New York,19453561
2020-08-23,596,6,80086,.,.,3.06,.0309,412,.,.,427168,2196,31627,163,7642356,39285,New York,19453561
2020-08-24,596,6,80625,.,.,3.06,.0309,414,.,.,427764,2199,31633,163,7722982,39700,New York,19453561
2020-08-25,599,9,81317,.,.,3.08,.047,418,.,.,428363,2202,31642,163,7804299,40118,New York,19453561
2020-08-26,594,8,80219,.,.,3.05,.0425,412,.,.,428956,2205,31650,163,7884518,40530,New York,19453561
2020-08-27,610,8,80826,.,.,3.14,.0404,415,.,.,429566,2208,31658,163,7965343,40945,New York,19453561
2020-08-28,600,8,81932,.,.,3.09,.0411,421,.,.,430167,2211,31666,163,8047275,41367,New York,19453561
2020-08-29,602,7,83647,.,.,3.09,.0374,430,.,.,430769,2214,31674,163,8130922,41797,New York,19453561
2020-08-30,626,9,85325,.,.,3.22,.0455,439,.,.,431395,2218,31682,163,8216247,42235,New York,19453561
2020-08-31,657,15,84321,.,.,3.38,.0763,433,.,.,432052,2221,31697,163,8300568,42669,New York,19453561
2020-09-01,663,12,84984,.,.,3.41,.0595,437,.,.,432715,2224,31709,163,8385551,43105,New York,19453561
2020-09-02,687,12,84911,.,.,3.53,.0618,436,.,.,433402,2228,31721,163,8470462,43542,New York,19453561
2020-09-03,704,13,85037,.,.,3.62,.0661,437,.,.,434106,2232,31734,163,8555498,43979,New York,19453561
2020-09-04,733,13,84120,.,.,3.77,.0669,432,.,.,434839,2235,31747,163,8639618,44411,New York,19453561
2020-09-05,751,13,82776,.,.,3.86,.0684,426,.,.,435590,2239,31760,163,8722394,44837,New York,19453561
2020-09-06,754,11,81940,.,.,3.88,.0558,421,.,.,436344,2243,31771,163,8804333,45258,New York,19453561
2020-09-07,737,6,80503,.,.,3.79,.0294,414,.,.,437081,2247,31777,163,8884836,45672,New York,19453561
2020-09-08,723,6,77301,.,.,3.72,.0323,397,.,.,437804,2251,31783,163,8962137,46069,New York,19453561
2020-09-09,715,6,76380,.,.,3.67,.0331,393,.,.,438519,2254,31789,163,9038517,46462,New York,19453561
2020-09-10,678,6,76517,.,.,3.49,.0286,393,.,.,439198,2258,31795,163,9115034,46855,New York,19453561
2020-09-11,701,5,76089,.,.,3.61,.0279,391,.,.,439899,2261,31800,163,9191123,47246,New York,19453561
2020-09-12,717,6,76041,.,.,3.68,.0301,391,.,.,440616,2265,31806,163,9267163,47637,New York,19453561
2020-09-13,731,6,76207,.,.,3.76,.0301,392,.,.,441346,2269,31812,164,9343370,48029,New York,19453561
2020-09-14,744,5,79122,.,.,3.83,.0257,407,.,.,442090,2273,31817,164,9422492,48436,New York,19453561
2020-09-15,771,5,82446,.,.,3.96,.0235,424,.,.,442861,2277,31822,164,9504939,48860,New York,19453561
2020-09-16,784,4,84367,.,.,4.03,.0213,434,.,.,443645,2281,31826,164,9589305,49293,New York,19453561
2020-09-17,836,8,84701,.,.,4.3,.0404,435,.,.,444481,2285,31834,164,9674007,49729,New York,19453561
2020-09-18,807,9,85867,.,.,4.15,.0455,441,.,.,445288,2289,31843,164,9759873,50170,New York,19453561
2020-09-19,804,9,87013,.,.,4.13,.0441,447,.,.,446092,2293,31851,164,9846887,50617,New York,19453561
2020-09-20,806,9,86755,.,.,4.15,.0477,446,.,.,446899,2297,31860,164,9933642,51063,New York,19453561
2020-09-21,803,18,85623,.,.,4.13,.0946,440,.,.,447701,2301,31879,164,10019264,51504,New York,19453561
2020-09-22,788,18,85286,.,.,4.05,.0903,438,.,.,448489,2305,31896,164,10104551,51942,New York,19453561
2020-09-23,772,17,85641,.,.,3.97,.0887,440,.,.,449261,2309,31914,164,10190192,52382,New York,19453561
2020-09-24,783,14,86559,.,.,4.02,.0726,445,.,.,450044,2313,31928,164,10276751,52827,New York,19453561
2020-09-25,807,14,87988,.,.,4.15,.0741,452,.,.,450850,2318,31942,164,10364739,53279,New York,19453561
2020-09-26,845,14,87483,.,.,4.35,.0719,450,.,.,451696,2322,31956,164,10452222,53729,New York,19453561
2020-09-27,871,14,87053,.,.,4.48,.0726,447,.,.,452567,2326,31970,164,10539275,54177,New York,19453561
2020-09-28,919,5,87495,.,.,4.72,.0279,450,.,.,453486,2331,31976,164,10626770,54626,New York,19453561
2020-09-29,975,6,89012,.,.,5.01,.0322,458,.,.,454460,2336,31982,164,10715782,55084,New York,19453561
2020-09-30,1034,7,90417,.,.,5.32,.0367,465,.,.,455494,2341,31989,164,10806199,55549,New York,19453561
2020-10-01,1066,8,91573,.,.,5.48,.0403,471,.,.,456560,2347,31997,164,10897772,56019,New York,19453561
2020-10-02,1174,11,91613,.,.,6.04,.0581,471,.,.,457735,2353,32008,165,10989385,56490,New York,19453561
2020-10-03,1248,12,93640,.,.,6.41,.0618,481,.,.,458982,2359,32020,165,11083026,56972,New York,19453561
2020-10-04,1298,13,95151,.,.,6.67,.0654,489,.,.,460281,2366,32033,165,11178177,57461,New York,19453561
2020-10-05,1324,13,97889,.,.,6.8,.0662,503,.,.,461604,2373,32046,165,11276066,57964,New York,19453561
2020-10-06,1348,13,99673,.,.,6.93,.0662,512,.,.,462952,2380,32059,165,11375739,58476,New York,19453561
2020-10-07,1381,14,101031,.,.,7.1,.0735,519,.,.,464334,2387,32073,165,11476770,58996,New York,19453561
2020-10-08,1489,14,103137,.,.,7.65,.0735,530,.,.,465823,2395,32087,165,11579907,59526,New York,19453561
2020-10-09,1468,13,105297,.,.,7.54,.0668,541,.,.,467290,2402,32100,165,11685204,60067,New York,19453561
2020-10-10,1441,13,107562,.,.,7.41,.0653,553,.,.,468732,2409,32113,165,11792766,60620,New York,19453561
2020-10-11,1425,12,109203,.,.,7.33,.0616,561,.,.,470157,2417,32125,165,11901968,61181,New York,19453561
2020-10-12,1441,12,108808,.,.,7.41,.0624,559,.,.,471598,2424,32137,165,12010776,61741,New York,19453561
2020-10-13,1449,13,108853,.,.,7.45,.0645,560,.,.,473047,2432,32150,165,12119630,62300,New York,19453561
2020-10-14,1431,11,109458,.,.,7.36,.0565,563,.,.,474478,2439,32161,165,12229088,62863,New York,19453561
2020-10-15,1354,13,108983,.,.,6.96,.066,560,.,.,475832,2446,32174,165,12338071,63423,New York,19453561
2020-10-16,1374,11,107840,.,.,7.06,.0551,554,.,.,477206,2453,32184,165,12445910,63978,New York,19453561
2020-10-17,1401,11,107167,.,.,7.2,.0581,551,.,.,478608,2460,32196,165,12553077,64528,New York,19453561
2020-10-18,1435,12,106661,.,.,7.38,.0639,548,.,.,480043,2468,32208,166,12659738,65077,New York,19453561
2020-10-19,1429,13,107278,.,.,7.35,.0653,551,.,.,481472,2475,32221,166,12767016,65628,New York,19453561
2020-10-20,1434,12,106460,.,.,7.37,.0639,547,.,.,482906,2482,32233,166,12873476,66175,New York,19453561
2020-10-21,1522,12,107195,.,.,7.82,.0617,551,.,.,484428,2490,32245,166,12980671,66726,New York,19453561
2020-10-22,1573,12,107520,.,.,8.08,.0632,553,.,.,486001,2498,32257,166,13088190,67279,New York,19453561
2020-10-23,1585,12,109327,.,.,8.15,.0632,562,.,.,487586,2506,32270,166,13197517,67841,New York,19453561
2020-10-24,1646,12,109790,.,.,8.46,.0631,564,.,.,489233,2515,32282,166,13307307,68406,New York,19453561
2020-10-25,1705,11,110160,.,.,8.76,.058,566,.,.,490937,2524,32293,166,13417467,68972,New York,19453561
2020-10-26,1753,11,109977,.,.,9.01,.0566,565,.,.,492690,2533,32304,166,13527444,69537,New York,19453561
2020-10-27,1830,12,111661,.,.,9.41,.0595,574,.,.,494520,2542,32316,166,13639105,70111,New York,19453561
2020-10-28,1830,13,111175,.,.,9.4,.0646,571,.,.,496350,2551,32328,166,13750280,70683,New York,19453561
2020-10-29,1895,11,109566,.,.,9.74,.0587,563,.,.,498245,2561,32340,166,13859846,71246,New York,19453561
2020-10-30,1966,14,108913,.,.,10.1,.0704,560,.,.,500211,2571,32354,166,13968759,71806,New York,19453561
2020-10-31,2004,14,108430,.,.,10.3,.0704,557,.,.,502215,2582,32367,166,14077189,72363,New York,19453561
2020-11-01,2033,15,110360,.,.,10.5,.0778,567,.,.,504248,2592,32382,166,14187549,72930,New York,19453561
2020-11-02,2079,15,110209,.,.,10.7,.0792,567,.,.,506327,2603,32398,167,14297757,73497,New York,19453561
2020-11-03,2121,15,104532,.,.,10.9,.077,537,.,.,508448,2614,32413,167,14402289,74034,New York,19453561
2020-11-04,2172,16,105063,.,.,11.2,.0822,540,.,.,510620,2625,32429,167,14507352,74574,New York,19453561
2020-11-05,2295,21,108173,.,.,11.8,.109,556,.,.,512915,2637,32450,167,14615525,75130,New York,19453561
2020-11-06,2421,20,109822,.,.,12.4,.101,565,.,.,515336,2649,32470,167,14725347,75695,New York,19453561
2020-11-07,2637,20,113496,.,.,13.6,.104,583,.,.,517973,2663,32490,167,14838843,76278,New York,19453561
2020-11-08,2845,20,113481,.,.,14.6,.104,583,.,.,520818,2677,32510,167,14952324,76862,New York,19453561
2020-11-09,3070,21,115940,.,.,15.8,.107,596,.,.,523888,2693,32531,167,15068264,77458,New York,19453561
2020-11-10,3340,23,123134,.,.,17.2,.116,633,.,.,527228,2710,32553,167,15191398,78091,New York,19453561
2020-11-11,3652,24,125808,.,.,18.8,.124,647,.,.,530879,2729,32578,167,15317205,78737,New York,19453561
2020-11-12,3939,18,127659,.,.,20.2,.0945,656,.,.,534818,2749,32596,168,15444864,79394,New York,19453561
2020-11-13,4289,18,128811,.,.,22,.0924,662,.,.,539108,2771,32614,168,15573675,80056,New York,19453561
2020-11-14,4529,19,129291,.,.,23.3,.0983,665,.,.,543637,2795,32633,168,15702967,80720,New York,19453561
2020-11-15,4617,20,130811,.,.,23.7,.104,672,.,.,548253,2818,32653,168,15833778,81393,New York,19453561
2020-11-16,4726,20,133200,.,.,24.3,.104,685,.,.,552979,2843,32674,168,15966978,82077,New York,19453561
2020-11-17,4819,30,136986,.,.,24.8,.156,704,.,.,557798,2867,32704,168,16103963,82782,New York,19453561
2020-11-18,4908,29,138808,.,.,25.2,.151,714,.,.,562706,2893,32733,168,16242772,83495,New York,19453561
2020-11-19,4994,31,139788,.,.,25.7,.16,719,.,.,567700,2918,32764,168,16382560,84214,New York,19453561
2020-11-20,5003,34,142709,.,.,25.7,.174,734,.,.,572704,2944,32798,169,16525269,84947,New York,19453561
2020-11-21,5095,38,144933,.,.,26.2,.197,745,.,.,577798,2970,32836,169,16670201,85692,New York,19453561
2020-11-22,5321,38,147359,.,.,27.4,.195,757,.,.,583119,2997,32874,169,16817560,86450,New York,19453561
2020-11-23,5639,39,151361,.,.,29,.201,778,.,.,588759,3026,32913,169,16968920,87228,New York,19453561
2020-11-24,5678,30,155451,.,.,29.2,.153,799,.,.,594436,3056,32943,169,17124372,88027,New York,19453561
2020-11-25,5843,30,159320,.,.,30,.156,819,.,.,600279,3086,32974,169,17283692,88846,New York,19453561
2020-11-26,6056,34,155730,.,.,31.1,.173,801,.,.,606335,3117,33007,170,17439422,89646,New York,19453561
2020-11-27,6419,34,148585,.,.,33,.174,764,.,.,612754,3150,33041,170,17588008,90410,New York,19453561
2020-11-28,6511,32,147914,.,.,33.5,.165,760,.,.,619265,3183,33073,170,17735922,91171,New York,19453561
2020-11-29,6469,35,149085,.,.,33.3,.181,766,.,.,625734,3217,33108,170,17885006,91937,New York,19453561
2020-11-30,6659,39,147530,.,.,34.2,.2,758,.,.,632393,3251,33147,170,18032536,92695,New York,19453561
2020-12-01,6974,43,145210,.,.,35.9,.22,746,.,.,639368,3287,33190,171,18177746,93442,New York,19453561
2020-12-02,7275,47,144913,.,.,37.4,.242,745,.,.,646642,3324,33237,171,18322660,94187,New York,19453561
2020-12-03,7680,50,151360,.,.,39.5,.255,778,.,.,654322,3364,33287,171,18474018,94965,New York,19453561
2020-12-04,8190,52,155948,.,.,42.1,.269,802,.,.,662512,3406,33339,171,18629966,95766,New York,19453561
2020-12-05,8789,57,156244,.,.,45.2,.294,803,.,.,671300,3451,33396,172,18786212,96570,New York,19453561
2020-12-06,9456,58,154760,.,.,48.6,.299,796,.,.,680757,3499,33454,172,18940972,97365,New York,19453561
2020-12-07,9553,61,154617,.,.,49.1,.313,795,.,.,690310,3549,33515,172,19095588,98160,New York,19453561
2020-12-08,9746,64,154932,.,.,50.1,.33,796,.,.,700056,3599,33579,173,19250520,98956,New York,19453561
2020-12-09,9906,68,154325,.,.,50.9,.351,793,.,.,709962,3650,33648,173,19404846,99750,New York,19453561
2020-12-10,10046,71,155949,.,.,51.6,.364,802,.,.,720008,3701,33718,173,19560794,100551,New York,19453561
2020-12-11,9943,76,156668,.,.,51.1,.392,805,.,.,729951,3752,33795,174,19717462,101357,New York,19453561
2020-12-12,9935,79,158199,.,.,51.1,.405,813,.,.,739886,3803,33874,174,19875662,102170,New York,19453561
2020-12-13,9997,87,159373,.,.,51.4,.448,819,.,.,749883,3855,33961,175,20035034,102989,New York,19453561
2020-12-14,10238,91,159996,.,.,52.6,.468,822,.,.,760121,3907,34052,175,20195030,103811,New York,19453561
2020-12-15,10314,98,161811,.,.,53,.502,832,.,.,770435,3960,34149,176,20356842,104643,New York,19453561
2020-12-16,10337,101,162379,.,.,53.1,.519,835,.,.,780771,4014,34250,176,20519220,105478,New York,19453561
2020-12-17,10422,105,158047,.,.,53.6,.542,812,.,.,791194,4067,34356,177,20677268,106290,New York,19453561
2020-12-18,10640,112,155786,.,.,54.7,.577,801,.,.,801834,4122,34468,177,20833054,107091,New York,19453561
2020-12-19,10507,116,155377,.,.,54,.596,799,.,.,812341,4176,34584,178,20988430,107890,New York,19453561
2020-12-20,10324,116,154071,.,.,53.1,.598,792,.,.,822665,4229,34700,178,21142502,108682,New York,19453561
2020-12-21,10276,121,155522,.,.,52.8,.622,799,.,.,832942,4282,34821,179,21298024,109481,New York,19453561
2020-12-22,10338,125,156578,.,.,53.1,.642,805,.,.,843279,4335,34946,180,21454600,110286,New York,19453561
2020-12-23,10497,132,159159,.,.,54,.679,818,.,.,853776,4389,35078,180,21613760,111104,New York,19453561
2020-12-24,10683,136,161948,.,.,54.9,.698,832,.,.,864459,4444,35214,181,21775708,111937,New York,19453561
2020-12-25,10739,134,152724,.,.,55.2,.687,785,.,.,875198,4499,35348,182,21928432,112722,New York,19453561
2020-12-26,10891,133,147892,.,.,56,.685,760,.,.,886089,4555,35481,182,22076324,113482,New York,19453561
2020-12-27,10706,134,145966,.,.,55,.687,750,.,.,896794,4610,35615,183,22222290,114233,New York,19453561
2020-12-28,10486,135,142720,.,.,53.9,.692,734,.,.,907280,4664,35749,184,22365010,114966,New York,19453561
2020-12-29,10595,132,139939,.,.,54.5,.68,719,.,.,917875,4718,35882,184,22504948,115686,New York,19453561
2020-12-30,10936,132,138933,.,.,56.2,.679,714,.,.,928811,4775,36014,185,22643882,116400,New York,19453561
2020-12-31,11273,131,138994,.,.,58,.673,714,.,.,940084,4832,36145,186,22782876,117114,New York,19453561
2021-01-01,11843,139,140749,.,.,60.9,.717,724,.,.,951927,4893,36284,187,22923624,117838,New York,19453561
2021-01-02,12517,140,140165,.,.,64.3,.721,721,.,.,964443,4958,36424,187,23063790,118558,New York,19453561
2021-01-03,13120,143,140461,.,.,67.4,.736,722,.,.,977563,5025,36568,188,23204250,119280,New York,19453561
2021-01-04,13545,148,134808,.,.,69.6,.762,693,.,.,991108,5095,36716,189,23339060,119973,New York,19453561
2021-01-05,13971,150,127081,.,.,71.8,.77,653,.,.,1005079,5167,36866,190,23466140,120626,New York,19453561
2021-01-06,14415,150,127981,.,.,74.1,.77,658,.,.,1019495,5241,37015,190,23594122,121284,New York,19453561
2021-01-07,14729,160,134147,.,.,75.7,.823,690,.,.,1034224,5316,37176,191,23728268,121974,New York,19453561
2021-01-08,15090,159,146261,.,.,77.6,.818,752,.,.,1049314,5394,37335,192,23874530,122726,New York,19453561
2021-01-09,15375,168,158058,.,.,79,.864,812,.,.,1064689,5473,37503,193,24032588,123538,New York,19453561
2021-01-10,15957,172,162910,.,.,82,.885,837,.,.,1080646,5555,37675,194,24195498,124376,New York,19453561
2021-01-11,16376,175,170926,.,.,84.2,.898,879,.,.,1097022,5639,37850,195,24366424,125254,New York,19453561
2021-01-12,16613,180,183018,.,.,85.4,.925,941,.,.,1113634,5725,38030,195,24549442,126195,New York,19453561
2021-01-13,16424,185,166264,.,.,84.4,.953,855,.,.,1130058,5809,38215,196,24715706,127050,New York,19453561
2021-01-14,15937,190,151703,.,.,81.9,.976,780,.,.,1145995,5891,38405,197,24867410,127830,New York,19453561
2021-01-15,15924,191,153066,.,.,81.9,.983,787,.,.,1161920,5973,38596,198,25020474,128616,New York,19453561
2021-01-16,15654,191,149554,.,.,80.5,.984,769,.,.,1177573,6053,38788,199,25170030,129385,New York,19453561
2021-01-17,15280,193,147955,.,.,78.5,.994,761,.,.,1192854,6132,38981,200,25317984,130146,New York,19453561
2021-01-18,15170,192,146779,.,.,78,.986,755,.,.,1208024,6210,39173,201,25464764,130900,New York,19453561
2021-01-19,14873,193,144144,.,.,76.5,.991,741,.,.,1222897,6286,39366,202,25608908,131641,New York,19453561
2021-01-20,14360,194,164141,.,.,73.8,.997,844,.,.,1237257,6360,39559,203,25773048,132485,New York,19453561
2021-01-21,14321,189,177891,.,.,73.6,.973,914,.,.,1251578,6434,39749,204,25950940,133399,New York,19453561
2021-01-22,13779,189,176908,.,.,70.8,.971,909,.,.,1265358,6505,39938,205,26127846,134309,New York,19453561
2021-01-23,13488,187,177310,.,.,69.3,.959,911,.,.,1278845,6574,40124,206,26305158,135220,New York,19453561
2021-01-24,13299,186,176891,.,.,68.4,.954,909,.,.,1292145,6642,40310,207,26482048,136130,New York,19453561
2021-01-25,13094,188,177199,.,.,67.3,.966,911,.,.,1305239,6710,40498,208,26659246,137040,New York,19453561
2021-01-26,12854,184,179923,.,.,66.1,.945,925,.,.,1318093,6776,40682,209,26839170,137965,New York,19453561
2021-01-27,12747,184,179192,.,.,65.5,.946,921,.,.,1330840,6841,40866,210,27018362,138886,New York,19453561
2021-01-28,12729,181,177872,.,.,65.4,.931,914,.,.,1343569,6907,41047,211,27196234,139801,New York,19453561
2021-01-29,12339,181,176595,.,.,63.4,.932,908,.,.,1355908,6970,41228,212,27372830,140709,New York,19453561
2021-01-30,12195,182,173792,.,.,62.7,.937,893,.,.,1368103,7033,41410,213,27546622,141602,New York,19453561
2021-01-31,12028,183,170911,.,.,61.8,.939,879,.,.,1380131,7094,41593,214,27717532,142481,New York,19453561
2021-02-01,11593,179,163102,.,.,59.6,.922,838,.,.,1391724,7154,41772,215,27880634,143319,New York,19453561
2021-02-02,11152,180,151644,.,.,57.3,.927,780,.,.,1402876,7211,41953,216,28032280,144098,New York,19453561
2021-02-03,10693,174,142293,.,.,55,.896,731,.,.,1413569,7266,42127,217,28174572,144830,New York,19453561
2021-02-04,9720,170,139551,.,.,50,.874,717,.,.,1423289,7316,42297,217,28314122,145547,New York,19453561
2021-02-05,8998,168,138741,.,.,46.3,.861,713,.,.,1432287,7363,42465,218,28452864,146260,New York,19453561
2021-02-06,8797,170,139755,.,.,45.2,.875,718,.,.,1441084,7408,42635,219,28592620,146979,New York,19453561
2021-02-07,8613,171,139707,.,.,44.3,.878,718,.,.,1449697,7452,42806,220,28732326,147697,New York,19453561
2021-02-08,8619,166,143449,.,.,44.3,.856,737,.,.,1458316,7496,42972,221,28875776,148434,New York,19453561
2021-02-09,8644,164,154387,.,.,44.4,.841,794,.,.,1466960,7541,43136,222,29030162,149228,New York,19453561
2021-02-10,8560,167,149350,.,.,44,.857,768,.,.,1475520,7585,43303,223,29179512,149996,New York,19453561
2021-02-11,8997,165,132516,.,.,46.2,.85,681,.,.,1484517,7631,43468,223,29312028,150677,New York,19453561
2021-02-12,9112,165,130220,.,.,46.8,.847,669,.,.,1493630,7678,43633,224,29442248,151346,New York,19453561
2021-02-13,8722,156,127577,.,.,44.8,.801,656,.,.,1502352,7723,43789,225,29569824,152002,New York,19453561
2021-02-14,8495,152,126357,.,.,43.7,.783,650,.,.,1510847,7766,43941,226,29696182,152652,New York,19453561
2021-02-15,8147,148,125290,.,.,41.9,.763,644,.,.,1518995,7808,44089,227,29821472,153296,New York,19453561
2021-02-16,7945,144,119014,.,.,40.8,.742,612,.,.,1526939,7849,44234,227,29940486,153907,New York,19453561
2021-02-17,7854,137,126229,.,.,40.4,.706,649,.,.,1534793,7890,44371,228,30066714,154556,New York,19453561
2021-02-18,7803,139,138057,.,.,40.1,.715,710,.,.,1542596,7930,44510,229,30204772,155266,New York,19453561
2021-02-19,7785,139,133585,.,.,40,.717,687,.,.,1550381,7970,44649,230,30338356,155953,New York,19453561
2021-02-20,7711,139,131500,.,.,39.6,.713,676,.,.,1558092,8009,44788,230,30469856,156629,New York,19453561
2021-02-21,7412,132,130543,.,.,38.1,.68,671,.,.,1565505,8047,44920,231,30600400,157300,New York,19453561
2021-02-22,7378,131,132210,.,.,37.9,.674,680,.,.,1572882,8085,45052,232,30732610,157979,New York,19453561
2021-02-23,7409,129,137246,2426155,.,38.1,.665,706,12.5,.,1580291,8123,45181,232,30869856,158685,New York,19453561
2021-02-24,7440,127,140224,2449913,23758,38.2,.655,721,12.6,.122,1587731,8162,45308,233,31010080,159406,New York,19453561
2021-02-25,7328,123,146055,2482912,28379,37.7,.631,751,12.8,.146,1595059,8199,45431,234,31156136,160156,New York,19453561
2021-02-26,6715,117,152700,2525442,33096,34.5,.602,785,13,.17,1601774,8234,45548,234,31308836,160941,New York,19453561
2021-02-27,7229,115,157262,2588847,40673,37.2,.59,808,13.3,.209,1609003,8271,45663,235,31466098,161750,New York,19453561
2021-02-28,7456,114,158306,2691322,53033,38.3,.588,814,13.8,.273,1616459,8309,45777,235,31624404,162564,New York,19453561
2021-03-01,7477,113,158670,2777745,58598,38.4,.581,816,14.3,.301,1623936,8348,45890,236,31783074,163379,New York,19453561
2021-03-02,7402,113,158341,2880527,64910,38,.58,814,14.8,.334,1631338,8386,46003,236,31941416,164193,New York,19453561
2021-03-03,7463,112,158044,2958184,72610,38.4,.578,812,15.2,.373,1638801,8424,46115,237,32099460,165006,New York,19453561
2021-03-04,7261,112,156749,3052380,81353,37.3,.577,806,15.7,.418,1646062,8461,46228,238,32256208,165811,New York,19453561
2021-03-05,7815,110,154578,3155309,89981,40.2,.567,795,16.2,.463,1653877,8502,46338,238,32410786,166606,New York,19453561
2021-03-06,7288,109,151573,3292632,100541,37.5,.562,779,16.9,.517,1661165,8539,46447,239,32562360,167385,New York,19453561
2021-03-07,7263,107,149866,3438817,106785,37.3,.55,770,17.7,.549,1668428,8576,46554,239,32712226,168155,New York,19453561
2021-03-08,7122,104,149005,3569927,113169,36.6,.533,766,18.4,.582,1675550,8613,46658,240,32861230,168921,New York,19453561
2021-03-09,7182,99,147427,3651402,110125,36.9,.509,758,18.8,.566,1682732,8650,46757,240,33008658,169679,New York,19453561
2021-03-10,7114,93,147713,3781666,117640,36.6,.478,759,19.4,.605,1689846,8687,46850,241,33156370,170439,New York,19453561
2021-03-11,7069,92,145993,3892844,120066,36.3,.475,750,20,.617,1696915,8723,46942,241,33302364,171189,New York,19453561
2021-03-12,6509,88,144892,4010039,122104,33.5,.451,745,20.6,.628,1703424,8756,47030,242,33447256,171934,New York,19453561
2021-03-13,6812,87,145328,4226184,133365,35,.445,747,21.7,.686,1710237,8791,47117,242,33592584,172681,New York,19453561
2021-03-14,6671,87,147437,4226938,112589,34.3,.446,758,21.7,.579,1716908,8826,47203,243,33740020,173439,New York,19453561
2021-03-15,6911,87,148027,4323082,107594,35.5,.449,761,22.2,.553,1723819,8861,47291,243,33888048,174200,New York,19453561
2021-03-16,6894,88,147814,4404294,107556,35.4,.454,760,22.6,.553,1730713,8897,47379,244,34035860,174960,New York,19453561
2021-03-17,6965,87,147482,4487772,100872,35.8,.446,758,23.1,.519,1737678,8932,47466,244,34183344,175718,New York,19453561
2021-03-18,6729,83,148634,4598782,100848,34.6,.426,764,23.6,.518,1744407,8967,47549,244,34331976,176482,New York,19453561
2021-03-19,6850,84,148801,4706737,99528,35.2,.431,765,24.2,.512,1751257,9002,47633,245,34480780,177247,New York,19453561
2021-03-20,6338,80,148154,4846355,88596,32.6,.411,762,24.9,.455,1757595,9035,47713,245,34628932,178008,New York,19453561
2021-03-21,5919,71,146462,4980453,107645,30.4,.363,753,25.6,.553,1763513,9065,47783,246,34775392,178761,New York,19453561
2021-03-22,5301,63,146605,5082402,108474,27.2,.322,754,26.1,.558,1768814,9092,47846,246,34922000,179515,New York,19453561
2021-03-23,4815,53,147174,5195034,112963,24.8,.275,757,26.7,.581,1773629,9117,47899,246,35069172,180271,New York,19453561
2021-03-24,7822,79,146717,5288759,114427,40.2,.406,754,27.2,.588,1781451,9157,47978,247,35215892,181025,New York,19453561
2021-03-25,8256,76,146269,5378106,111332,42.4,.393,752,27.6,.572,1789707,9200,48055,247,35362160,181777,New York,19453561
2021-03-26,8680,72,147394,5509579,114692,44.6,.372,758,28.3,.59,1798387,9245,48127,247,35509552,182535,New York,19453561
2021-03-27,8970,75,150260,5654140,115398,46.1,.386,772,29.1,.593,1807356,9291,48202,248,35659812,183307,New York,19453561
2021-03-28,9708,84,150882,5761882,111633,49.9,.431,776,29.6,.574,1817065,9341,48286,248,35810696,184083,New York,19453561
2021-03-29,10560,103,150411,5861761,111337,54.3,.53,773,30.1,.572,1827624,9395,48389,249,35961108,184856,New York,19453561
2021-03-30,10923,105,148879,5935139,105729,56.1,.54,765,30.5,.543,1838547,9451,48494,249,36109984,185621,New York,19453561
2021-03-31,8086,81,145953,6051597,108977,41.6,.416,750,31.1,.56,1846633,9493,48575,250,36255940,186372,New York,19453561
2021-04-01,8175,82,143061,6110874,104681,42,.422,735,31.4,.538,1854809,9535,48657,250,36399000,187107,New York,19453561
2021-04-02,8173,86,142818,6285658,110868,42,.44,734,32.3,.57,1862981,9577,48743,251,36541816,187841,New York,19453561
2021-04-03,8036,86,139816,6492009,119696,41.3,.44,719,33.4,.615,1871017,9618,48828,251,36681632,188560,New York,19453561
2021-04-04,7855,85,138372,6624421,123220,40.4,.436,711,34.1,.633,1878872,9658,48913,251,36820004,189271,New York,19453561
2021-04-05,7555,74,137649,6691660,118557,38.8,.379,708,34.4,.609,1886427,9697,48987,252,36957656,189979,New York,19453561
2021-04-06,7584,76,139844,6757369,117461,39,.39,719,34.7,.604,1894011,9736,49063,252,37097500,190698,New York,19453561
2021-04-07,7418,75,141654,6901208,121373,38.1,.386,728,35.5,.624,1901429,9774,49138,253,37239152,191426,New York,19453561
2021-04-08,7357,74,144331,7034356,131926,37.8,.379,742,36.2,.678,1908786,9812,49212,253,37383484,192168,New York,19453561
2021-04-09,7445,73,145639,7199856,130600,38.3,.373,749,37,.671,1916231,9850,49284,253,37529124,192916,New York,19453561
2021-04-10,7411,70,147142,7378953,126706,38.1,.36,756,37.9,.651,1923642,9888,49354,254,37676264,193673,New York,19453561
2021-04-11,7267,69,147293,7527413,128999,37.4,.357,757,38.7,.663,1930910,9926,49424,254,37823556,194430,New York,19453561
2021-04-12,7120,71,147716,7630961,134186,36.6,.366,759,39.2,.69,1938030,9962,49495,254,37971272,195189,New York,19453561
2021-04-13,6973,72,145954,7743155,140827,35.8,.369,750,39.8,.724,1945003,9998,49567,255,38117228,195940,New York,19453561
2021-04-14,6890,72,144307,7856472,136466,35.4,.37,742,40.4,.701,1951894,10034,49639,255,38261536,196681,New York,19453561
2021-04-15,6647,73,142371,7968346,133427,34.2,.375,732,41,.686,1958540,10068,49712,256,38403908,197413,New York,19453561
2021-04-16,6319,72,140490,8080703,125835,32.5,.37,722,41.5,.647,1964859,10100,49784,256,38544396,198135,New York,19453561
2021-04-17,6188,73,139351,8184821,115124,31.8,.377,716,42.1,.592,1971047,10132,49857,256,38683748,198852,New York,19453561
2021-04-18,6048,69,137807,8322102,113527,31.1,.355,708,42.8,.584,1977096,10163,49926,257,38821552,199560,New York,19453561
2021-04-19,5962,64,135661,8397791,109547,30.6,.327,697,43.2,.563,1983058,10194,49990,257,38957216,200258,New York,19453561
2021-04-20,5899,65,128533,8475925,104681,30.3,.336,661,43.6,.538,1988957,10224,50055,257,39085748,200918,New York,19453561
2021-04-21,.,.,.,8552612,99449,.,.,.,44,.511,.,.,.,.,.,.,New York,19453561
2021-04-22,.,.,.,8636314,95424,.,.,.,44.4,.491,.,.,.,.,.,.,New York,19453561
